,id,edad,sexo,estado,Oxalis,Quercus,Cyp.bulb,Phaseolus,Insectos,Cyp.rizo,Commelina.dianthifolia,Euphorbia bilobata,time,dist_camino,ppanual17,tmedia17,altitud,lat,lon,hcrop,hland,gap
0,2014-104,J,Female,NM,9.7584,0.0,0.0,0.0,0.0,0.0,0.0,0.0,14:20,251.86,462,7.054166541,2518.0,34.037969,-108.963777,0.0,0.798599543,Rocky Mountain Ponderosa Pine Woodland
1,2014-105,J,Male,NM,3.9632,0.0,0.0,0.0,0.0,0.0,0.0,0.0,14:20,251.86,462,7.054166541,2518.0,34.037969,-108.963777,0.0,0.798599543,Rocky Mountain Ponderosa Pine Woodland
2,2016-133,A,Female,AZ,3.8238,0.0,0.0,0.6148,0.0514,0.0,0.0025,0.1085,17:00,574.06,515,15.95416654,1527.0,31.375725,-110.530491,0.785803177,1.245915723,Madrean Encinal
3,2014-28,J,Female,NM,3.7076,0.0,0.0,0.0,0.79,0.0,0.0,0.0,16:10,23.07,385,10.97916659,1952.0,33.176791,-107.735593,0.464731684,0.764465556,Colorado Plateau Pinyon-Juniper Woodland
4,2016-132,J,Male,AZ,2.2011,0.0,0.778,0.3908,0.0027,0.6988,0.7555,0.565,16:00,236.76,521,16.13333316,1507.0,31.353053,-110.53106,1.680150426,1.541562488,Apacherian-Chihuahuan Mesquite Upland Scrub
5,2016-146,J,Female,AZ,1.9345,0.0,0.0,0.0459,0.0,0.0,0.0,0.0,15:30,144.68,505,17.03750003,1306.0,31.375072,-110.777752,0.110158838,1.696755336,"Chihuahuan Creosotebush, Mixed Desert and Thorn Scrub"
6,2014-81,J,Male,NM,1.0984,0.0,1.3573,0.0,9e-05,0.0,0.0,0.0,12:45,190.95,406,9.98749993,1993.0,33.289458,-108.061378,0.733283236,0.637185237,Rocky Mountain Ponderosa Pine Woodland
7,2015-21,J,Female,AZ,0.7669,0.0,0.0,0.0164,0.03,0.0,0.0,0.0,12:15,26.67,504,15.67500008,1546.0,31.445738,-110.542863,0.308836206,1.596709029,"Chihuahuan Creosotebush, Mixed Desert and Thorn Scrub"
8,2015-20,J,Male,AZ,0.5227,0.0,0.0,0.0,0.0,0.0,0.0,0.0,11:30,26.67,504,15.67500008,1546.0,31.444386,-110.543406,0.820472477,1.604739743,North American Warm Desert Wash
9,2014-79,J,Female,NM,0.4199,0.0,0.7465,0.0,0.05,0.0,0.0,0.0,12:45,190.95,406,9.98749993,1993.0,33.289458,-108.061378,1.152709935,0.637185237,Rocky Mountain Ponderosa Pine Woodland
10,2016-131,J,Male,AZ,0.3736,0.0,0.8187,0.2561,0.0087,1.0151,0.0589,0.963,16:00,236.76,521,16.13333316,1507.0,31.353053,-110.53106,1.57483825,1.541562488,Apacherian-Chihuahuan Mesquite Upland Scrub
13,2016-134,J,Male,AZ,0.2348,0.0,0.0,0.0,0.0,0.0284,0.0,0.0,11:45,67.3,546,15.7916667,1481.0,31.386863,-110.749311,0.52304768,1.665194282,Madrean Encinal
14,2016-143,J,Male,AZ,0.2064,0.0,0.0785,0.0,0.0,0.0,0.0,0.0,09:30,191.66,537,16.04583315,1408.0,31.387029,-110.758167,1.169064552,1.684404447,Madrean Encinal
15,2016-162,J,Male,AZ,0.202,0.0,0.0,1.4711,0.0158,0.0,0.0,0.0,13:00,248.39,595,14.42083335,1746.0,31.709155,-110.795686,0.894717749,1.014570747,Madrean Pinyon-Juniper Woodland
16,2016-151,A,Male,AZ,0.1821,0.3616,0.047,0.5079,0.0,0.0,0.0071,0.0042,13:00,293.82,620,14.30416672,1856.0,31.411848,-110.745665,1.238467695,1.077713295,Madrean Pinyon-Juniper Woodland
18,2016-152,J,Male,AZ,0.1617,0.0,0.5961,0.0,0.0234,0.0,0.0,0.0366,15:00,57.94,482,17.0,1226.0,31.380497,-111.072099,1.84107562,1.067677296,Madrean Encinal
24,2016-145,A,Male,AZ,0.0575,0.0,1.509,0.5469,0.0,0.8088,0.0,0.0,15:00,23.14,505,17.11250008,1308.0,31.370265,-110.776138,1.181408006,1.621506354,"Chihuahuan Creosotebush, Mixed Desert and Thorn Scrub"
25,2016-135,J,Male,AZ,0.0569,0.0,0.0,0.0,0.0,0.6006,0.0,0.0,11:45,67.3,546,15.7916667,1481.0,31.386863,-110.749311,0.334802593,1.665194282,Madrean Encinal
26,2015-19,J,Male,AZ,0.0515,0.4251,0.0,0.0,0.0,0.0,0.0,0.0,11:30,26.67,504,15.67500008,1546.0,31.444386,-110.543406,0.0,1.604739743,North American Warm Desert Wash
29,2016-121,A,Male,AZ,0.0223,0.0,0.0,0.0,0.0,0.2981,0.0,0.0,12:45,111.82,520,15.5375,1558.0,31.484718,-110.602862,0.902849974,1.395862941,Apacherian-Chihuahuan Mesquite Upland Scrub
30,2016-158,J,Male,AZ,0.0221,0.0,0.0,0.3428,0.0,0.0,0.0,0.2272,16:00,204.37,476,17.28750016,1206.0,31.366398,-110.99683,1.879824705,0.981917001,Madrean Encinal
36,2016-126,J,Female,AZ,0.0,3.6208,0.0,0.1127,0.0,0.0,0.0,0.0,12:30,271.02,605,14.41666657,1777.0,31.41536,-110.734422,0.205581202,0.934580968,Madrean Pinyon-Juniper Woodland
38,2016-164,J,Male,AZ,0.0,3.5921,0.0,0.4864,0.0651,0.0,0.0,0.0077,17:00,278.67,551,15.78750026,1572.0,31.759081,-110.727349,0.727370884,0.942510655,Apacherian-Chihuahuan Piedmont Semi-Desert Grassland and Steppe
39,2015-50,J,Male,NM,0.0,3.5302,0.0,0.0,0.97,0.0,0.0,0.0,15:45,204.52,508,11.68333335,2134.0,32.903387,-105.505935,0.598538439,1.347755207,Rocky Mountain Gambel Oak-Mixed Montane Shrubland
40,2016-114,J,Male,AZ,0.0,3.3141,0.0,0.0,1e-05,0.0,0.26,0.0,15:00,85.38,525,15.37083332,1608.0,31.502858,-110.585248,0.269869151,1.363820133,Mogollon Chaparral
44,2016-125,J,Male,AZ,0.0,2.8196,0.0,0.2127,0.0016,1.8469,0.0085,0.0066,16:00,43.47,518,15.57916671,1542.0,31.480749,-110.607803,0.000143903,1.416778979,Apacherian-Chihuahuan Piedmont Semi-Desert Grassland and Steppe
49,2016-112,J,Male,AZ,0.0,2.2135,0.0,0.0,0.0,1.5152,0.2668,0.0,15:00,85.38,525,15.37083332,1608.0,31.502858,-110.585248,0.875615956,1.363820133,Mogollon Chaparral
52,2015-52,J,Male,NM,0.0,2.0487,0.0,0.0,0.07,0.3488,0.0,0.0,15:20,25.21,373,12.72916666,1901.0,32.854051,-107.65178,0.782133757,0.868275775,Madrean Pinyon-Juniper Woodland
54,2016-113,J,Male,AZ,0.0,1.8674,0.0,0.0,0.0,0.0889,0.2135,0.0,15:00,85.38,525,15.37083332,1608.0,31.502858,-110.585248,0.48822596,1.363820133,Mogollon Chaparral
56,2015-55,J,Female,AZ,0.0,1.7465,0.0,0.0,0.0,0.0,0.0,0.0,13:05,161.8,559,15.68750011,1597.0,31.784134,-110.750951,0.250973455,0.859763122,Apacherian-Chihuahuan Piedmont Semi-Desert Grassland and Steppe
62,2016-163,J,Male,AZ,0.0,1.4075,0.0,0.0,0.0686,0.2099,0.0,0.0063,16:00,222.73,551,15.78750026,1572.0,31.760484,-110.725406,0.805845825,0.961668314,Apacherian-Chihuahuan Mesquite Upland Scrub
63,2015-7,J,Male,NM,0.0,1.2879,0.0,0.0,0.25,0.0,0.0,0.0,15:45,55.79,291,12.1416666,1817.0,33.712117,-107.302924,0.966908596,0.730961818,Apacherian-Chihuahuan Piedmont Semi-Desert Grassland and Steppe
65,2015-49,A,Male,NM,0.0,1.2612,0.0,0.0,0.32,0.0,0.0,0.0,13:15,189.52,508,11.68333335,2093.0,32.902179,-105.503672,1.187061924,1.348812969,Rocky Mountain Gambel Oak-Mixed Montane Shrubland
68,2015-22,J,Male,AZ,0.0,1.2481,0.0,0.0,0.12,0.0356,0.0321,0.0,11:30,223.21,557,15.77916652,1591.0,31.791366,-110.748967,0.432456649,0.786193853,Apacherian-Chihuahuan Piedmont Semi-Desert Grassland and Steppe
69,2016-124,A,Male,AZ,0.0,1.1597,0.0,0.4147,0.0,1.6483,0.0,0.0,16:00,43.47,518,15.57916671,1542.0,31.480749,-110.607803,1.201160324,1.416778979,Apacherian-Chihuahuan Piedmont Semi-Desert Grassland and Steppe
70,2015-54,J,Male,AZ,0.0,1.1419,0.0,0.0,0.0,0.0,0.039,0.0,13:05,161.8,559,15.68750011,1597.0,31.784134,-110.750951,1.473759884,0.859763122,Apacherian-Chihuahuan Piedmont Semi-Desert Grassland and Steppe
75,2015-8,J,Male,NM,0.0,0.9541,0.0,0.0,9e-05,0.0,0.0,0.0,15:45,55.79,291,12.1416666,1817.0,33.712117,-107.302924,0.79984246,0.730961818,Apacherian-Chihuahuan Piedmont Semi-Desert Grassland and Steppe
77,2015-14,J,Male,AZ,0.0,0.9437,0.0,0.0,0.62,1.0349,0.0,0.0,10:30,49.79,506,15.71666638,1530.0,31.4416,-110.548871,0.202936384,1.526532568,Madrean Encinal
78,2016-153,A,Female,AZ,0.0,0.8828,0.0,0.0441,0.1226,0.0,0.0065,0.0,14:00,12.36,531,16.13333331,1504.0,31.747172,-110.701652,0.579030122,1.223744838,Apacherian-Chihuahuan Piedmont Semi-Desert Grassland and Steppe
79,2016-122,A,Male,AZ,0.0,0.8823,0.0,0.7709,0.4965,1.1441,0.3259,0.0785,16:00,43.47,518,15.57916671,1542.0,31.480749,-110.607803,2.053078872,1.416778979,Apacherian-Chihuahuan Piedmont Semi-Desert Grassland and Steppe
80,2015-9,J,Male,NM,0.0,0.8789,0.0,0.0,0.17,0.514,0.0,0.0,15:45,55.79,291,12.1416666,1817.0,33.712117,-107.302924,1.286208239,0.730961818,Apacherian-Chihuahuan Piedmont Semi-Desert Grassland and Steppe
87,2015-23,J,Male,AZ,0.0,0.5136,0.0,0.0569,0.07,0.0,0.0485,0.0,11:30,223.21,557,15.77916652,1591.0,31.791366,-110.748967,0.505860619,0.786193853,Apacherian-Chihuahuan Piedmont Semi-Desert Grassland and Steppe
90,2016-138,J,Female,AZ,0.0,0.3733,0.0,0.0,0.0,0.0519,0.0,0.0,16:00,42.51,545,15.07500002,1587.0,31.422294,-110.652616,0.76615608,1.122458915,Madrean Pinyon-Juniper Woodland
91,2016-123,A,Female,AZ,0.0,0.3204,0.0,0.1104,1.14981,0.0848,0.2718,0.0,16:00,7.49,518,15.57916671,1542.0,31.479651,-110.60579,1.92092746,1.46197745,Apacherian-Chihuahuan Mesquite Upland Scrub
93,2016-109,J,Male,AZ,0.0,0.3037,0.0,0.8553,0.0,0.4098,0.0,0.0251,10:00,108.04,528,15.47500012,1578.0,31.488971,-110.611033,1.195382845,1.391935879,Apacherian-Chihuahuan Piedmont Semi-Desert Grassland and Steppe
94,2015-53,J,Female,NM,0.0,0.2898,0.0,0.0,0.17,0.1581,0.0,0.0,15:20,25.21,373,12.72916666,1901.0,32.854051,-107.65178,0.532054651,0.868275775,Madrean Pinyon-Juniper Woodland
95,2016-159,A,Female,AZ,0.0,0.2765,0.0,0.2518,0.0,0.0,0.0,0.2219,17:00,7.96,476,17.31250004,1207.0,31.368291,-110.994441,1.775771474,0.989926738,Madrean Encinal
103,2015-51,J,Male,NM,0.0,0.1264,0.0,0.0,0.34,1.3494,0.0,0.0,15:20,25.21,373,12.72916666,1901.0,32.854051,-107.65178,0.521212566,0.868275775,Madrean Pinyon-Juniper Woodland
104,2015-26,J,Male,NM,0.0,0.1262,0.0,0.0,0.0,0.0,0.0,0.0,13:15,142.51,455,12.89583324,1916.0,32.7417,-105.354701,0.691270969,1.256741075,Madrean Pinyon-Juniper Woodland
105,2015-17,J,Male,AZ,0.0,0.1133,0.0,0.0,0.0,0.0334,0.0,0.0,09:15,50.52,503,15.72083351,1510.0,31.450843,-110.557762,0.0,1.479697054,Apacherian-Chihuahuan Mesquite Upland Scrub
107,2016-111,A,Male,AZ,0.0,0.0775,0.0,0.0,0.0,0.2528,0.1318,0.0,10:00,108.04,528,15.47500012,1578.0,31.488971,-110.611033,1.278840247,1.391935879,Apacherian-Chihuahuan Piedmont Semi-Desert Grassland and Steppe
108,2016-156,A,Male,AZ,0.0,0.0739,0.0,1.2447,0.0,0.0,0.0,0.0904,15:30,313.92,485,17.21666679,1239.0,31.369858,-111.000554,0.923424666,0.914529011,Madrean Encinal
110,2015-62,A,Male,NM,0.0,0.0718,0.0,5.0018,0.0,0.0,0.0,0.0,14:30,763.38,332,14.22499999,1560.0,32.592245,-107.930243,0.154973195,0.761438593,Madrean Pinyon-Juniper Woodland
111,2015-45,J,Male,NM,0.0,0.0666,0.089,0.0,9e-05,0.2523,0.0,0.0,12:05,113.61,416,14.35416671,1688.0,31.517713,-108.976493,0.615554029,1.062503693,Apacherian-Chihuahuan Piedmont Semi-Desert Grassland and Steppe
114,2014-63,A,Male,AZ,0.0,0.0,0.0,0.0605,0.0,6.192,0.0,0.0,16:15,451.6,520,15.5375,1567.0,31.487968,-110.60384,0.103609901,1.437639721,Apacherian-Chihuahuan Mesquite Upland Scrub
115,2014-64,J,Male,AZ,0.0,0.0,0.0,1.2284,9e-05,4.4484,0.0,0.0057,16:15,451.6,520,15.5375,1567.0,31.487968,-110.60384,0.000223004,1.437639721,Apacherian-Chihuahuan Mesquite Upland Scrub
116,2014-74,,Female,AZ,0.0,0.0,0.0,0.0,0.0,0.0,0.0,0.0,09:10,272.86,515,15.59583343,1559.0,31.479233,-110.594791,0.0,1.43420978,Apacherian-Chihuahuan Mesquite Upland Scrub
117,2014-75,J,Male,AZ,0.0,0.0,0.0,0.0,0.0,0.027,0.0,0.0,09:10,272.86,515,15.59583343,1559.0,31.479233,-110.594791,0.0,1.43420978,Apacherian-Chihuahuan Mesquite Upland Scrub
118,2014-76,J,Female,AZ,0.0,0.0,0.0231,0.0,0.0,0.0,0.0,0.0,09:10,272.86,515,15.59583343,1559.0,31.479233,-110.594791,0.0,1.43420978,Apacherian-Chihuahuan Mesquite Upland Scrub
119,2014-85,A,Female,AZ,0.0,0.0,0.0,0.3115,0.02,4.0589,0.0,0.02,16:15,451.6,520,15.5375,1567.0,31.487968,-110.60384,0.393457149,1.437639721,Apacherian-Chihuahuan Mesquite Upland Scrub
120,2014-86,A,Male,AZ,0.0,0.0,0.0,0.0,0.0,0.0,0.0,0.0,09:10,272.86,515,15.59583343,1559.0,31.479233,-110.594791,0.0,1.43420978,Apacherian-Chihuahuan Mesquite Upland Scrub
121,2015-15,J,Male,AZ,0.0,0.0,0.0,0.0552,0.0,0.0153,0.0,0.0,10:45,97.65,506,15.71666638,1579.0,31.441023,-110.549115,1.076409266,1.514417963,Madrean Encinal
122,2015-16,J,Female,AZ,0.0,0.0,0.0,0.0,0.0,0.0347,0.0,0.0,09:15,50.52,503,15.72083351,1510.0,31.450843,-110.557762,0.523111954,1.479697054,Apacherian-Chihuahuan Mesquite Upland Scrub
123,2015-18,J,Female,AZ,0.0,0.0,0.0,0.0,0.0,0.0,0.0,0.0,10:00,101.64,504,15.67500008,1546.0,31.443211,-110.547695,0.536452365,1.578949213,North American Warm Desert Wash
124,2016-101,J,Male,AZ,0.0,0.0,0.0,0.0695,0.0,1.0359,0.038,0.0076,09:30,211.01,526,15.92083329,1578.0,31.351572,-110.489045,0.762395791,1.133977763,Madrean Encinal
125,2016-102,J,Male,AZ,0.0,0.0,0.0,0.0,0.0,0.1884,0.0,0.0,09:30,211.01,526,15.92083329,1578.0,31.351572,-110.489045,0.099129977,1.133977763,Madrean Encinal
126,2016-103,J,Male,AZ,0.0,0.0,0.0,2.9338,0.0,0.6889,0.0342,0.008,16:30,171.92,527,15.56250009,1616.0,31.391325,-110.464206,0.86535793,1.481311877,Apacherian-Chihuahuan Piedmont Semi-Desert Grassland and Steppe
127,2016-104,J,Female,AZ,0.0,0.0,0.0,1.0707,0.0085,0.6081,0.2536,0.0,16:30,171.92,527,15.56250009,1616.0,31.391325,-110.464206,1.578036898,1.481311877,Apacherian-Chihuahuan Piedmont Semi-Desert Grassland and Steppe
128,2016-105,J,Female,AZ,0.0,0.0,0.0,1.9805,0.0,0.0,0.4402,0.0,16:30,171.92,527,15.56250009,1616.0,31.391325,-110.464206,1.169040784,1.481311877,Apacherian-Chihuahuan Piedmont Semi-Desert Grassland and Steppe
129,2016-106,J,Female,AZ,0.0,0.0,0.0,1.8584,0.0,0.3721,0.0,0.0076,16:30,171.92,527,15.56250009,1616.0,31.391325,-110.464206,0.700815882,1.481311877,Apacherian-Chihuahuan Piedmont Semi-Desert Grassland and Steppe
130,2016-107,J,Male,AZ,0.0,0.0,0.0,2.1216,0.0,1.2667,0.0119,0.2029,15:30,230.06,536,15.41249979,1655.0,31.398052,-110.463635,1.196756415,1.506866435,"Chihuahuan Creosotebush, Mixed Desert and Thorn Scrub"
131,2016-108,J,Female,AZ,0.0,0.0,0.0,2.5714,0.0,1.0462,0.0,0.1153,15:30,230.06,536,15.41249979,1655.0,31.398052,-110.463635,1.029771951,1.506866435,"Chihuahuan Creosotebush, Mixed Desert and Thorn Scrub"
132,2016-110,J,Male,AZ,0.0,0.0,0.0,0.3143,0.0,0.0594,0.0226,0.0,10:00,108.04,528,15.47500012,1578.0,31.488971,-110.611033,1.335931779,1.391935879,Apacherian-Chihuahuan Piedmont Semi-Desert Grassland and Steppe
133,2016-115,A,Female,AZ,0.0,0.0,0.0,0.0,0.0,2.7432,0.0,0.0,16:00,161.74,525,15.37083332,1608.0,31.503429,-110.584759,0.329168055,1.362937382,Mogollon Chaparral
134,2016-116,J,Female,AZ,0.0,0.0,0.0,0.0,0.0,0.5039,0.0,0.0,16:00,161.74,525,15.37083332,1608.0,31.503429,-110.584759,0.775274898,1.362937382,Mogollon Chaparral
135,2016-117,A,Female,AZ,0.0,0.0,2.1546,0.0,0.0,0.0,0.0,0.0,16:00,161.74,525,15.37083332,1608.0,31.503429,-110.584759,0.043985817,1.362937382,Mogollon Chaparral
136,2016-118,J,Male,AZ,0.0,0.0,0.0,2.2695,0.0,0.1288,0.0,0.1058,12:45,111.82,520,15.5375,1558.0,31.484718,-110.602862,0.638124624,1.395862941,Apacherian-Chihuahuan Mesquite Upland Scrub
137,2016-119,J,Male,AZ,0.0,0.0,0.0,1.367,0.0,0.0095,0.0117,0.0568,12:45,111.82,520,15.5375,1558.0,31.484718,-110.602862,0.466686194,1.395862941,Apacherian-Chihuahuan Mesquite Upland Scrub
138,2016-120,J,Male,AZ,0.0,0.0,0.0,2.994,0.0,0.1699,0.0,0.0582,12:45,111.82,520,15.5375,1558.0,31.484718,-110.602862,0.390418422,1.395862941,Apacherian-Chihuahuan Mesquite Upland Scrub
139,2016-127,J,Male,AZ,0.0,0.0,0.0,0.0281,0.0,0.0,0.0,0.0,09:30,247.41,526,15.92083329,1578.0,31.3511,-110.484337,0.696356931,1.198105477,Apacherian-Chihuahuan Piedmont Semi-Desert Grassland and Steppe
140,2016-128,J,Female,AZ,0.0,0.0,0.0,0.0,0.0,0.5811,0.0401,0.0,10:00,199.39,521,16.03749978,1528.0,31.347878,-110.484526,0.239314288,1.275254273,Madrean Encinal
141,2016-129,J,Male,AZ,0.0,0.0,0.0,0.0365,0.0,1.2049,0.0279,0.0277,11:45,111.6,521,16.03749978,1528.0,31.34385,-110.486741,0.482014575,1.297985692,Madrean Encinal
142,2016-130,J,Male,AZ,0.0,0.0,0.0,0.1133,0.0,0.1037,0.086,0.2098,12:45,251.24,521,16.03749978,1528.0,31.345481,-110.487064,1.459657235,1.319997452,"Chihuahuan Creosotebush, Mixed Desert and Thorn Scrub"
143,2016-136,J,Male,AZ,0.0,0.0,0.0,0.0,0.0014,0.0,0.0,0.0407,11:00,207.95,476,17.31250004,1207.0,31.367431,-110.996582,0.83406536,0.949227213,Madrean Encinal
144,2016-137,J,Male,AZ,0.0,0.0,0.0534,0.0,0.0,0.0,0.0,0.0,10:30,109.61,476,17.31250004,1207.0,31.369391,-110.995969,0.0,0.949769167,Madrean Encinal
145,2016-139,A,Male,AZ,0.0,0.0,0.0,0.0,0.0,1.2528,0.0,0.0,13:00,198.58,545,15.07500002,1587.0,31.422592,-110.650605,0.0,1.126085082,Madrean Encinal
146,2016-140,J,Male,AZ,0.0,0.0,0.0,0.0631,0.0,1.6855,0.4053,0.0,14:00,187.92,537,15.20833329,1561.0,31.425362,-110.643223,1.087978804,1.023583665,Apacherian-Chihuahuan Piedmont Semi-Desert Grassland and Steppe
147,2016-141,J,Male,AZ,0.0,0.0,0.0,0.1937,0.0,2.2694,0.0,0.0,14:00,187.92,537,15.20833329,1561.0,31.425362,-110.643223,0.755566734,1.023583665,Apacherian-Chihuahuan Piedmont Semi-Desert Grassland and Steppe
148,2016-142,J,Male,AZ,0.0,0.0,0.0,0.0,0.0,1.9496,0.0,0.0,15:00,211.97,545,15.07500002,1587.0,31.421244,-110.651053,0.211407263,1.121255424,Madrean Encinal
149,2016-144,A,Male,AZ,0.0,0.0,0.0,0.0,0.0,0.0,0.0,0.0,14:00,20.21,505,17.11250008,1308.0,31.368273,-110.77539,0.975412918,1.621506354,Apacherian-Chihuahuan Mesquite Upland Scrub
150,2016-147,A,Male,AZ,0.0,0.0,0.0,0.0252,0.0,0.0,0.0,0.0067,09:30,168.93,479,17.2958334,1232.0,31.376481,-111.000478,1.44655089,0.776493996,Madrean Encinal
151,2016-148,A,Female,AZ,0.0,0.0,0.0,0.1638,0.0,0.0,0.0,0.0281,11:30,110.14,501,16.97499997,1290.0,31.369116,-111.02804,1.447527526,1.288868248,Chihuahuan Mixed Salt Desert Scrub
152,2016-149,J,Male,AZ,0.0,0.0,0.0,0.8187,0.0,0.0,0.0,0.009,11:30,110.14,501,16.97499997,1290.0,31.369116,-111.02804,0.230720343,1.288868248,Chihuahuan Mixed Salt Desert Scrub
153,2016-150,J,Male,AZ,0.0,0.0,0.0,0.0617,0.0,0.0,0.0,0.0433,11:30,110.14,501,16.97499997,1290.0,31.369116,-111.02804,0.802305305,1.288868248,Chihuahuan Mixed Salt Desert Scrub
154,2016-154,J,Male,AZ,0.0,0.0,0.0,0.5759,0.0,0.0523,0.1355,0.0,15:30,230.06,536,15.41249979,1655.0,31.398052,-110.463635,0.949364706,1.506866435,"Chihuahuan Creosotebush, Mixed Desert and Thorn Scrub"
155,2016-155,A,Female,AZ,0.0,0.0,0.0,0.0,0.0,0.3231,0.0104,0.0,10:30,30.91,529,15.37500002,1531.0,31.428275,-110.632926,0.138835485,1.044944491,Apacherian-Chihuahuan Piedmont Semi-Desert Grassland and Steppe
156,2016-157,A,Female,AZ,0.0,0.0,0.0,0.0,0.0036,0.0,0.0,0.0153,15:30,313.92,485,17.21666679,1239.0,31.369858,-111.000554,1.409232045,0.914529011,Madrean Encinal
157,2016-160,A,Male,AZ,0.0,0.0,0.0,0.0,0.0,0.0,0.0,0.062,17:00,7.96,476,17.31250004,1207.0,31.368291,-110.994441,1.012003313,0.989926738,Madrean Encinal
158,2016-161,J,Female,AZ,0.0,0.0,0.0,0.0,0.0,0.0,0.0,0.0,12:00,46.74,598,14.4125,1763.0,31.702909,-110.793529,0.0,1.092305976,Madrean Encinal
159,2016-165,A,Male,AZ,0.0,0.0,0.0,0.235,0.0,1.5768,0.0,0.0,15:00,302.62,540,15.14999989,1569.0,31.424441,-110.642067,0.711430789,1.017402774,Apacherian-Chihuahuan Piedmont Semi-Desert Grassland and Steppe
160,2016-166,J,Female,AZ,0.0,0.0,0.0,1.8058,0.0,0.6525,0.0,0.0,14:00,51.77,537,15.43333321,1662.0,31.37902,-110.426268,0.616789365,1.379060754,Mogollon Chaparral
193,2014-1,A,Male,NM,0.0,0.0,0.0,0.0167,0.0,2.8639,0.3059,0.0075,14:30,97.11,422,14.22083333,1694.0,31.512,-108.979722,0.547429823,1.062828529,Apacherian-Chihuahuan Piedmont Semi-Desert Grassland and Steppe
194,2014-10,J,Female,NM,0.0,0.0,0.0,0.0,0.0,1.5877,0.0,0.0,14:30,23.73,366,11.2333334,1922.0,33.224046,-107.708294,0.386901911,0.386821329,Colorado Plateau Pinyon-Juniper Woodland
195,2014-100,J,Male,NM,0.0,0.0,0.1978,0.0,1.53,0.0,0.0,0.0,09:30,401.45,324,14.45416652,1514.0,32.329567,-108.268029,0.493813449,0.858453672,Apacherian-Chihuahuan Piedmont Semi-Desert Grassland and Steppe
196,2014-101,J,Female,NM,0.0,0.0,0.6706,0.0,0.0,0.0,0.0,0.0,10:00,536.78,324,14.45416652,1591.0,32.330533,-108.269338,0.079618485,0.90384489,Apacherian-Chihuahuan Piedmont Semi-Desert Grassland and Steppe
197,2014-102,J,Male,NM,0.0,0.0,1.6526,0.0,9e-05,0.0,0.0,0.0,10:00,536.78,324,14.45416652,1591.0,32.330533,-108.269338,0.039978107,0.90384489,Apacherian-Chihuahuan Piedmont Semi-Desert Grassland and Steppe
198,2014-103,A,Female,NM,0.0,0.0,1.2731,0.0,0.53,0.0,0.0,0.0,10:00,536.78,324,14.45416652,1591.0,32.330533,-108.269338,0.898646219,0.90384489,Apacherian-Chihuahuan Piedmont Semi-Desert Grassland and Steppe
199,2014-11,J,Male,NM,0.0,0.0,0.0,0.0,0.0,2.1763,0.0,0.0,13:00,191.63,388,10.58333338,2023.0,33.204403,-107.748024,0.493280823,0.703368805,Colorado Plateau Pinyon-Juniper Woodland
200,2014-12,J,Female,NM,0.0,0.0,0.0,0.0,0.05,1.0401,0.0,0.0,14:00,61.01,385,10.97916659,1985.0,33.17768,-107.736961,0.732462018,0.731682242,Colorado Plateau Pinyon-Juniper Woodland
201,2014-13,J,Female,NM,0.0,0.0,0.0,0.0,0.0,0.0,0.0,0.0,15:00,96.82,385,10.97916659,1952.0,33.177011,-107.734185,0.407533812,0.777389405,Madrean Pinyon-Juniper Woodland
202,2014-14,J,Female,NM,0.0,0.0,0.0,0.0,0.0,0.1406,0.0,0.0,09:45,222.86,379,10.97500005,1951.0,33.202936,-107.731141,0.114290438,0.476872047,Colorado Plateau Pinyon-Juniper Woodland
203,2014-15,J,Male,NM,0.0,0.0,0.0,0.0,0.0,0.0,0.0,0.0,08:35,552.46,379,10.97500005,1951.0,33.206323,-107.730034,0.0,0.516744404,Colorado Plateau Pinyon-Juniper Woodland
204,2014-16,J,Male,NM,0.0,0.0,0.0,0.0,0.0,0.0861,0.0,0.0,10:00,191.08,367,11.23333326,1921.0,33.206864,-107.71643,0.31081694,0.316827011,Colorado Plateau Pinyon-Juniper Woodland
205,2014-17,J,Male,NM,0.0,0.0,0.0,0.0,0.0,0.4208,0.0,0.0,13:00,191.63,388,10.58333338,2023.0,33.204403,-107.748024,0.357119806,0.703368805,Colorado Plateau Pinyon-Juniper Woodland
206,2014-18,J,Male,NM,0.0,0.0,0.3338,0.0,0.0,0.1363,0.0,0.0,11:30,398.94,372,11.34166674,1885.0,33.165643,-107.738227,0.602096438,1.117491267,Madrean Pinyon-Juniper Woodland
207,2014-19,J,Female,NM,0.0,0.0,1.2589,0.0,0.12,0.0,0.0,0.0,11:30,398.94,372,11.34166674,1885.0,33.165643,-107.738227,0.295602272,1.117491267,Madrean Pinyon-Juniper Woodland
208,2014-2,J,Female,NM,0.0,0.0,0.0,0.0,0.08,0.0,0.0,0.0,11:45,235.44,416,14.37499982,1665.0,31.524234,-108.974204,0.569618737,1.036134785,Apacherian-Chihuahuan Piedmont Semi-Desert Grassland and Steppe
209,2014-20,A,Female,NM,0.0,0.0,0.283,0.0,0.0,0.1759,0.0,0.0,11:30,398.94,372,11.34166674,1885.0,33.165643,-107.738227,0.665660312,1.117491267,Madrean Pinyon-Juniper Woodland
210,2014-21,J,Male,NM,0.0,0.0,0.6782,0.0171,0.0,0.0,0.0,0.0,15:30,253.42,355,13.78750004,1641.0,32.799302,-107.593281,0.146361383,0.85220331,Madrean Pinyon-Juniper Woodland
211,2014-22,J,Female,NM,0.0,0.0,0.2781,0.0,0.0,0.4898,0.0,0.0,15:30,253.42,355,13.78750004,1641.0,32.799302,-107.593281,1.002554516,0.85220331,Madrean Pinyon-Juniper Woodland
212,2014-23,J,Male,NM,0.0,0.0,0.1883,0.0,0.0,0.0,0.0,0.0,12:00,121.27,343,14.05833329,1617.0,32.779075,-107.575882,0.251170505,0.756998569,Apacherian-Chihuahuan Piedmont Semi-Desert Grassland and Steppe
213,2014-24,J,Female,NM,0.0,0.0,0.0,0.0,0.0,1.0214,0.0,0.0,13:15,43.73,373,12.72916666,1901.0,32.854212,-107.651827,0.310607208,0.883634214,Madrean Pinyon-Juniper Woodland
214,2014-25,J,Male,NM,0.0,0.0,0.0,0.0,0.0,0.0,0.0,0.0,12:40,201.5,371,11.05833333,1947.0,33.227964,-107.71424,0.0,0.351249029,Colorado Plateau Pinyon-Juniper Woodland
215,2014-26,J,Male,NM,0.0,0.0,0.0,0.0,0.0,1.0,0.0,0.0,13:15,43.73,373,12.72916666,1889.0,32.854212,-107.651827,0.487202547,0.883634214,Madrean Pinyon-Juniper Woodland
216,2014-27,J,Male,NM,0.0,0.0,0.0,0.0,0.07,4.2134,0.021,0.0,15:10,86.84,388,10.58333338,2023.0,33.203867,-107.749015,0.744249339,0.723791731,Rocky Mountain Ponderosa Pine Woodland
217,2014-29,A,Male,NM,0.0,0.0,0.0,0.0,0.0,2.1454,0.0,0.0,13:30,43.73,373,12.72916666,1889.0,32.854212,-107.651827,0.116637017,0.883634214,Madrean Pinyon-Juniper Woodland
218,2014-3,J,Female,NM,0.0,0.0,2.1831,0.0,0.0,0.0,0.0349,0.0462,11:15,66.79,422,14.22083333,1694.0,31.513348,-108.979977,0.178897654,1.092318199,Apacherian-Chihuahuan Piedmont Semi-Desert Grassland and Steppe
219,2014-30,J,Female,NM,0.0,0.0,0.0,0.0,0.19,3.2986,0.0,0.0,15:10,86.84,388,10.58333338,2023.0,33.203867,-107.749015,0.827418223,0.723791731,Rocky Mountain Ponderosa Pine Woodland
220,2014-31,J,Female,NM,0.0,0.0,0.0,0.0,0.0,0.0,0.0,0.0,12:40,201.5,235,16.65416667,1947.0,32.227964,-107.71424,0.0,1.231770634,Colorado Plateau Pinyon-Juniper Woodland
221,2014-32,A,Male,NM,0.0,0.0,0.0,0.0,0.0,0.0,0.0,0.0,11:30,219.49,366,11.2333334,1922.0,33.220489,-107.707691,0.0,0.466408933,Colorado Plateau Pinyon-Juniper Woodland
222,2014-33,J,Female,NM,0.0,0.0,0.0,0.0,9e-05,2.5693,0.0,0.0,14:30,99.93,374,11.11250002,1947.0,33.20712,-107.723281,0.610582148,0.272215422,Colorado Plateau Pinyon-Juniper Woodland
223,2014-34,J,Male,NM,0.0,0.0,0.837,0.0,9e-05,0.0,0.0,0.0,14:30,99.93,374,11.11250002,1947.0,33.20712,-107.723281,0.660706753,0.272215422,Colorado Plateau Pinyon-Juniper Woodland
224,2014-35,J,Female,NM,0.0,0.0,0.4926,0.0,0.09,0.0,0.0,0.0,14:30,99.93,374,11.11250002,1947.0,33.20712,-107.723281,0.952114871,0.272215422,Colorado Plateau Pinyon-Juniper Woodland
225,2014-36,A,Male,NM,0.0,0.0,0.9682,0.0,0.0,0.0,0.0,0.0,14:30,99.93,374,11.11250002,1947.0,33.20712,-107.723281,0.16365826,0.272215422,Colorado Plateau Pinyon-Juniper Woodland
226,2014-37,J,Male,NM,0.0,0.0,0.0,0.0,0.0,1.9069,0.0,0.0,14:15,51.51,378,11.18750006,1952.0,33.175969,-107.73234,0.736614313,0.743683843,Colorado Plateau Pinyon-Juniper Woodland
227,2014-38,A,Male,NM,0.0,0.0,0.0,0.0,9e-05,4.1888,0.0,0.0,14:15,51.51,378,11.18750006,1952.0,33.175969,-107.73234,0.000135971,0.743683843,Colorado Plateau Pinyon-Juniper Woodland
228,2014-39,J,Male,NM,0.0,0.0,1.8282,0.0,9e-05,0.0,0.0,0.0,15:00,6.4,431,11.07083346,2027.0,32.89762,-107.944433,0.083438964,0.849662793,Rocky Mountain Ponderosa Pine Woodland
229,2014-4,J,Male,NM,0.0,0.0,0.7046,0.0,0.0,0.0,0.0,0.0,10:05,89.12,415,14.39166665,1658.0,31.527829,-108.979665,0.008824882,1.126574232,Apacherian-Chihuahuan Piedmont Semi-Desert Grassland and Steppe
230,2014-40,J,Female,NM,0.0,0.0,3.416,0.0,0.05,0.0,0.0,0.0,15:00,6.4,431,11.07083346,2027.0,32.89762,-107.944433,0.191851284,0.849662793,Rocky Mountain Ponderosa Pine Woodland
231,2014-41,A,Female,NM,0.0,0.0,0.0,0.0,0.0,0.4775,0.0,0.0,12:30,100.72,385,12.07083339,1869.0,32.87306,-107.680853,0.0,0.869340795,Madrean Pinyon-Juniper Woodland
232,2014-42,J,Female,NM,0.0,0.0,0.1273,0.0,0.0,0.5866,0.0,0.0,14:15,124.09,376,12.3791667,1828.0,32.868557,-107.670899,0.61235001,0.57140287,Madrean Pinyon-Juniper Woodland
233,2014-43,J,Female,NM,0.0,0.0,2.5163,0.0,0.0,0.0,0.0,0.0,14:45,33.84,376,12.3791667,1789.0,32.870191,-107.669569,0.0,0.517832817,Madrean Pinyon-Juniper Woodland
234,2014-44,A,Male,NM,0.0,0.0,0.0634,0.0,0.0,0.7613,0.0,0.0,15:30,65.39,376,12.3791667,1789.0,32.871145,-107.66838,0.613470223,0.485340739,Madrean Pinyon-Juniper Woodland
235,2014-45,J,Female,NM,0.0,0.0,0.9,0.0,0.02,1.53,0.0,0.0,15:30,65.39,376,12.3791667,1789.0,32.871145,-107.66838,0.77256395,0.485340739,Madrean Pinyon-Juniper Woodland
236,2014-46,J,Female,NM,0.0,0.0,1.2317,0.0,9e-05,1.0182,0.0,0.0,15:30,65.39,376,12.3791667,1789.0,32.871145,-107.66838,0.918631596,0.485340739,Madrean Pinyon-Juniper Woodland
237,2014-47,J,Female,NM,0.0,0.0,0.0,0.0,9e-05,0.0511,0.0,0.0111,15:45,326.56,376,12.51249996,1915.0,32.87169,-107.660137,1.040909829,0.805637582,Madrean Pinyon-Juniper Woodland
238,2014-48,A,Female,NM,0.0,0.0,0.0,0.0,0.0,4.8951,0.0,0.0,16:10,19.95,376,12.38333342,1785.0,32.875763,-107.668721,0.05117291,0.677764518,Madrean Pinyon-Juniper Woodland
239,2014-49,A,Male,NM,0.0,0.0,0.0,0.0,0.0,2.9885,0.0,0.0,16:10,19.95,376,12.38333342,1785.0,32.875763,-107.668721,0.027021407,0.677764518,Madrean Pinyon-Juniper Woodland
240,2014-5,J,Female,NM,0.0,0.0,3.2188,0.0,0.0,0.0,0.1893,0.0077,14:45,375.79,416,14.35416671,1665.0,31.521652,-108.975197,0.230034333,1.071673269,Madrean Juniper Savanna
241,2014-50,J,Male,NM,0.0,0.0,0.1543,0.0,0.03,2.2522,0.0,2.0254,16:15,287.93,404,14.63749994,1625.0,31.513011,-108.940734,0.966989525,0.222690783,Apacherian-Chihuahuan Piedmont Semi-Desert Grassland and Steppe
242,2014-51,A,Female,NM,0.0,0.0,0.0,0.0,0.8,1.4914,0.0,2.0794,16:15,287.93,404,14.63749994,1625.0,31.513011,-108.940734,1.132891353,0.222690783,Apacherian-Chihuahuan Piedmont Semi-Desert Grassland and Steppe
243,2014-52,J,Male,NM,0.0,0.0,0.0,0.0,9e-05,1.0014,0.0,2.3765,16:15,287.93,404,14.63749994,1625.0,31.513011,-108.940734,0.706985778,0.222690783,Apacherian-Chihuahuan Piedmont Semi-Desert Grassland and Steppe
244,2014-53,J,Male,NM,0.0,0.0,0.0,0.0,9e-05,2.1428,0.0,2.7731,16:15,287.93,404,14.63749994,1625.0,31.513011,-108.940734,0.000161105,0.222690783,Apacherian-Chihuahuan Piedmont Semi-Desert Grassland and Steppe
245,2014-54,A,Female,NM,0.0,0.0,0.0,0.0,0.0,0.0,0.0,0.2298,10:45,325.59,416,14.37499982,1688.0,31.519464,-108.974834,0.566533027,1.049214896,Madrean Encinal
246,2014-55,J,Female,NM,0.0,0.0,0.0,0.0,0.03,0.0,0.3656,0.2473,12:00,194.27,376,12.51249996,1915.0,32.873175,-107.65984,1.947125154,0.809550425,Madrean Pinyon-Juniper Woodland
247,2014-56,A,Male,NM,0.0,0.0,0.0,0.0,0.1,0.0,0.1645,0.2325,12:00,194.27,376,12.51249996,1915.0,32.873175,-107.65984,1.704442215,0.809550425,Madrean Pinyon-Juniper Woodland
248,2014-57,J,Male,NM,0.0,0.0,0.0,0.0,0.14,0.6249,0.0,0.0,11:15,136.4,376,12.51249996,1789.0,32.87255,-107.663357,0.774016342,0.594152375,Madrean Pinyon-Juniper Woodland
249,2014-58,J,Male,NM,0.0,0.0,0.0,0.0,0.47,0.0,0.0,0.0,15:00,611.16,347,14.02083332,1643.0,32.381441,-108.357641,0.767957727,0.688752947,Apacherian-Chihuahuan Piedmont Semi-Desert Grassland and Steppe
250,2014-59,J,Female,NM,0.0,0.0,0.0,0.0,0.85,0.0,0.0,0.0,15:00,611.16,347,14.02083332,1643.0,32.381441,-108.357641,0.843340832,0.688752947,Apacherian-Chihuahuan Piedmont Semi-Desert Grassland and Steppe
251,2014-6,J,Male,NM,0.0,0.0,2.2034,0.0,0.05,0.0,0.0132,0.0,14:45,375.79,416,14.35416671,1665.0,31.521652,-108.975197,0.141593603,1.071673269,Madrean Juniper Savanna
252,2014-60,A,Female,NM,0.0,0.0,0.0,0.0,0.13,0.0,0.0,0.0,15:00,611.16,347,14.02083332,1643.0,32.381441,-108.357641,0.850354421,0.688752947,Apacherian-Chihuahuan Piedmont Semi-Desert Grassland and Steppe
253,2014-61,A,Female,NM,0.0,0.0,0.418,0.0,0.0,0.0,0.0,0.0,09:30,774.84,317,14.6041668,1621.0,32.313622,-108.156107,0.16404935,1.708151144,Madrean Pinyon-Juniper Woodland
254,2014-62,J,Male,NM,0.0,0.0,0.0,0.0,9e-05,1.2027,0.0,0.0,15:30,316.65,410,9.262499967,2066.0,33.396185,-108.106088,1.11684023,0.783492877,Colorado Plateau Pinyon-Juniper Woodland
255,2014-65,J,Female,NM,0.0,0.0,1.8085,0.0,0.0,0.0,0.0,0.0,15:00,6.4,431,11.07083346,2027.0,32.89762,-107.944433,0.616340019,0.849662793,Rocky Mountain Ponderosa Pine Woodland
256,2014-66,A,Male,NM,0.0,0.0,0.0,0.0,0.0,0.0,0.0,0.0,09:40,19.25,386,11.90833339,1869.0,32.872338,-107.683823,0.0,1.057317709,Madrean Pinyon-Juniper Woodland
257,2014-67,A,Male,NM,0.0,0.0,0.0,0.0,0.0,0.0,0.0,0.0,09:40,19.25,386,11.90833339,1869.0,32.872338,-107.683823,0.0,1.057317709,Madrean Pinyon-Juniper Woodland
258,2014-68,A,Male,NM,0.0,0.0,0.0,0.0,0.0,0.3083,0.0,0.0,11:15,75.23,391,11.84166666,1872.0,32.875582,-107.684327,0.023598252,1.098030627,Madrean Pinyon-Juniper Woodland
259,2014-69,J,Female,NM,0.0,0.0,0.0,0.0,0.0,0.0345,0.0,0.0,11:30,213.92,376,12.3791667,1828.0,32.867771,-107.671388,0.278769372,0.578304485,Madrean Pinyon-Juniper Woodland
260,2014-7,J,Female,NM,0.0,0.0,0.0,0.0,0.0,1.0588,0.0,0.0,13:00,191.63,388,10.58333338,2023.0,33.204403,-107.748024,0.699185213,0.703368805,Colorado Plateau Pinyon-Juniper Woodland
261,2014-70,J,Female,NM,0.0,0.0,0.0,0.0,0.0,0.0716,0.0,0.0,11:30,213.92,376,12.3791667,1828.0,32.867771,-107.671388,0.0,0.578304485,Madrean Pinyon-Juniper Woodland
262,2014-71,A,Female,NM,0.0,0.0,0.0,0.2638,0.0,0.8191,0.0,0.0,11:30,176.64,431,11.07083346,2075.0,32.894714,-107.945673,0.555199985,0.942489685,Colorado Plateau Pinyon-Juniper Woodland
263,2014-72,A,Male,NM,0.0,0.0,0.0,1.2051,0.13,0.8748,0.0069,0.0,12:30,35.21,431,11.07083346,2027.0,32.89739,-107.944223,1.319528947,0.867270402,Rocky Mountain Ponderosa Pine Woodland
264,2014-73,A,Male,NM,0.0,0.0,0.0,2.5528,0.02,0.0,0.0,0.0,12:30,35.21,431,11.07083346,2027.0,32.89739,-107.944223,0.045500008,0.867270402,Rocky Mountain Ponderosa Pine Woodland
266,2014-80,J,Male,NM,0.0,0.0,0.5011,0.0,9e-05,0.0,0.0,0.0,12:45,190.95,406,9.98749993,1993.0,33.289458,-108.061378,0.410726014,0.637185237,Rocky Mountain Ponderosa Pine Woodland
267,2014-82,A,Male,NM,0.0,0.0,6.7233,0.0,0.0,0.0,0.0,0.0,15:00,81.82,408,9.895833368,2046.0,33.274234,-108.058819,0.016360041,0.676817394,Colorado Plateau Pinyon-Juniper Woodland
268,2014-83,A,Female,NM,0.0,0.0,0.0,0.0,0.02,0.9194,0.0,0.0,15:30,316.65,410,9.262499967,2066.0,33.396185,-108.106088,1.289517424,0.783492877,Colorado Plateau Pinyon-Juniper Woodland
269,2014-84,J,Male,NM,0.0,0.0,0.0,0.0,9e-05,2.556,0.0,0.0,15:30,316.65,410,9.262499967,2066.0,33.396185,-108.106088,0.757976836,0.783492877,Colorado Plateau Pinyon-Juniper Woodland
270,2014-87,A,Female,NM,0.0,0.0,0.0,0.0,0.0,0.0,0.0,0.0,10:10,154.03,416,14.35416671,1658.0,31.523917,-108.979802,0.0,1.144709319,Madrean Encinal
271,2014-88,J,Female,NM,0.0,0.0,0.0,0.0,0.0,0.0072,0.0,0.0,10:30,198.04,412,14.47500001,1665.0,31.525898,-108.973326,0.0,0.996045493,Apacherian-Chihuahuan Piedmont Semi-Desert Grassland and Steppe
272,2014-89,A,Female,NM,0.0,0.0,0.0,0.0,0.0,0.0131,0.0,0.0,10:30,198.04,412,14.47500001,1665.0,31.525898,-108.973326,0.0,0.996045493,Apacherian-Chihuahuan Piedmont Semi-Desert Grassland and Steppe
273,2014-9,J,Male,NM,0.0,0.0,0.0,0.0,9e-05,2.2507,0.0,0.0,15:00,96.82,385,10.97916659,1952.0,33.177011,-107.734185,0.060978194,0.777389405,Madrean Pinyon-Juniper Woodland
274,2014-90,A,Male,NM,0.0,0.0,0.0,0.0,0.0,3.1578,0.0,0.0,15:05,595.64,410,13.47499989,1553.0,33.185793,-108.841292,0.638844948,0.540084389,Madrean Pinyon-Juniper Woodland
277,2014-93,A,Female,NM,0.0,0.0,1.5672,0.0,0.0,0.0,0.0,0.0,15:00,469.21,317,14.58333344,1591.0,32.333252,-108.277073,0.047684487,0.72299817,Apacherian-Chihuahuan Piedmont Semi-Desert Grassland and Steppe
278,2014-94,A,Male,NM,0.0,0.0,0.1424,0.0,2.59,0.0,0.0,0.0,15:00,469.21,317,14.58333344,1591.0,32.333252,-108.277073,0.230392354,0.72299817,Apacherian-Chihuahuan Piedmont Semi-Desert Grassland and Steppe
282,2014-98,A,Male,NM,0.0,0.0,0.0,0.0,1.0,0.0,0.0,0.0,15:00,469.21,317,14.58333344,1591.0,32.333252,-108.277073,0.0,0.72299817,Apacherian-Chihuahuan Piedmont Semi-Desert Grassland and Steppe
284,2015-10,J,Male,NM,0.0,0.0,0.0,0.3443,0.0,0.0,0.0,0.0,12:00,413.73,335,14.47916663,1696.0,32.514533,-107.166584,1.532988255,0.93306008,Madrean Pinyon-Juniper Woodland
285,2015-11,J,Male,NM,0.0,0.0,0.0,2.3522,0.0,0.0,0.0,0.0,12:45,633.63,354,14.12499985,1696.0,32.514658,-107.168737,0.13617823,0.904751783,Madrean Pinyon-Juniper Woodland
286,2015-12,J,Male,NM,0.0,0.0,0.0,6.3831,0.05,0.0,0.0,0.0,12:45,633.63,354,14.12499985,1696.0,32.514658,-107.168737,0.042781787,0.904751783,Madrean Pinyon-Juniper Woodland
287,2015-13,J,Male,NM,0.0,0.0,0.0,5.8107,0.04,0.0,0.0,0.0,12:45,633.63,354,14.12499985,1696.0,32.514658,-107.168737,0.296120889,0.904751783,Madrean Pinyon-Juniper Woodland
288,2015-2,A,Male,NM,0.0,0.0,0.0,0.0,1.04,0.1314,0.0,0.0,13:00,32.66,324,11.17499996,2023.0,33.686629,-107.332131,0.573430132,1.743356356,Colorado Plateau Pinyon-Juniper Woodland
289,2015-24,J,Male,NM,0.0,0.0,0.0,0.0,0.0,0.0,0.0,0.0,14:30,325.2,457,12.84999985,2011.0,32.734341,-105.357105,0.971233765,1.217232688,Southern Rocky Mountain Pinyon-Juniper Woodland
290,2015-25,A,Male,NM,0.0,0.0,0.0,0.0,0.43,0.4861,0.0,0.0,14:30,325.2,457,12.84999985,2011.0,32.734341,-105.357105,0.0,1.217232688,Southern Rocky Mountain Pinyon-Juniper Woodland
291,2015-3,J,Male,NM,0.0,0.0,0.0,0.0,2.9,0.2334,0.0,0.0,13:00,32.66,324,11.17499996,2023.0,33.686629,-107.332131,0.257321514,1.743356356,Colorado Plateau Pinyon-Juniper Woodland
292,2015-31,J,Female,NM,0.0,0.0,1.148,0.0,2.9,1.1292,0.0671,0.0,15:05,89.31,416,14.35416671,1694.0,31.519486,-108.977392,0.593192491,1.087964061,Apacherian-Chihuahuan Piedmont Semi-Desert Grassland and Steppe
293,2015-32,J,Male,NM,0.0,0.0,0.1992,0.0079,0.2,0.9108,0.0,0.029,14:35,83.99,416,14.35416671,1694.0,31.517845,-108.976869,1.248363802,1.077242017,Madrean Encinal
294,2015-33,J,Male,NM,0.0,0.0,0.6792,0.0,0.03,0.8229,0.0,0.0,14:35,83.99,416,14.35416671,1694.0,31.517845,-108.976869,0.952122664,1.077242017,Madrean Encinal
295,2015-34,J,Male,NM,0.0,0.0,0.0,0.0,0.0,0.0,0.0,0.0,10:06,143.15,428,14.17916676,1697.0,31.505507,-108.976345,0.771485226,0.924761433,Apacherian-Chihuahuan Piedmont Semi-Desert Grassland and Steppe
296,2015-35,J,Male,NM,0.0,0.0,1.9538,0.0,0.0,1.1916,0.0,0.0,15:40,139.03,427,12.62916664,1963.0,33.52034,-105.53827,0.0,1.45934656,Southern Rocky Mountain Pinyon-Juniper Woodland
297,2015-36,J,Male,NM,0.0,0.0,2.3708,0.0,0.0,0.9946,0.0043,0.0,15:40,139.03,427,12.62916664,1963.0,33.52034,-105.53827,0.743103304,1.45934656,Southern Rocky Mountain Pinyon-Juniper Woodland
298,2015-37,A,Male,NM,0.0,0.0,0.0,0.0,9e-05,1.7872,0.0289,0.0,15:40,139.03,427,12.62916664,1963.0,33.52034,-105.53827,0.706287371,1.45934656,Southern Rocky Mountain Pinyon-Juniper Woodland
299,2015-38,J,Male,NM,0.0,0.0,0.0,0.0,0.0,2.8935,0.0028,0.0,16:00,42.77,427,12.62916664,1963.0,33.518201,-105.536534,0.775682223,1.355613262,Madrean Pinyon-Juniper Woodland
300,2015-39,J,Female,NM,0.0,0.0,0.0,0.0,0.0,1.2258,0.0318,0.0,16:00,42.77,427,12.62916664,1963.0,33.518201,-105.536534,0.447040619,1.355613262,Madrean Pinyon-Juniper Woodland
301,2015-4,A,Male,NM,0.0,0.0,0.0,0.0,0.0,0.1939,0.0,0.0,10:00,408.37,285,12.42083339,1794.0,33.696093,-107.278743,0.67233386,1.283779593,Madrean Pinyon-Juniper Woodland
302,2015-40,J,Male,NM,0.0,0.0,0.0,0.0,0.0,2.4519,0.0,0.0,16:37,84.69,422,14.22083333,1694.0,31.513693,-108.977822,0.190109992,1.062321519,Apacherian-Chihuahuan Piedmont Semi-Desert Grassland and Steppe
303,2015-41,J,Male,NM,0.0,0.0,0.0,0.0,0.0,1.6463,0.0,0.0,16:37,84.69,422,14.22083333,1694.0,31.513693,-108.977822,0.375679373,1.062321519,Apacherian-Chihuahuan Piedmont Semi-Desert Grassland and Steppe
304,2015-42,J,Male,NM,0.0,0.0,0.697,0.0,0.0,0.0,0.0124,0.0,11:20,239.32,423,14.22500003,1658.0,31.520878,-108.983869,0.40455351,1.137095759,Madrean Juniper Savanna
305,2015-43,J,Female,NM,0.0,0.0,0.2397,0.0,0.0,0.2632,0.0,0.0,11:20,239.32,423,14.22500003,1658.0,31.520878,-108.983869,0.088060833,1.137095759,Madrean Juniper Savanna
306,2015-44,J,Male,NM,0.0,0.0,0.0,0.0,0.0,0.0284,0.0125,0.0,11:20,239.32,423,14.22500003,1658.0,31.520878,-108.983869,0.692054984,1.137095759,Madrean Juniper Savanna
307,2015-46,J,Male,NM,0.0,0.0,0.0,0.0683,0.0,0.7879,0.0606,0.0,11:15,376.44,423,14.22500003,1684.0,31.521565,-108.985086,1.327826992,1.146509959,Madrean Juniper Savanna
308,2015-47,J,Female,NM,0.0,0.0,0.0,0.11,0.0,0.3088,1.2925,0.0,11:15,376.44,423,14.22500003,1684.0,31.521565,-108.985086,0.503250974,1.146509959,Madrean Juniper Savanna
309,2015-48,J,Male,NM,0.0,0.0,0.0,0.7385,0.97,0.0882,0.3047,0.0,11:15,376.44,423,14.22500003,1684.0,31.521565,-108.985086,0.697384054,1.146509959,Madrean Juniper Savanna
310,2015-5,J,Female,NM,0.0,0.0,0.1159,0.0,0.0,0.4991,0.0,0.0,10:00,408.37,285,12.42083339,1794.0,33.696093,-107.278743,0.503681331,1.283779593,Madrean Pinyon-Juniper Woodland
311,2015-56,J,Male,NM,0.0,0.0,0.0,7.1466,0.04,0.0,0.0,0.0,14:30,715.3,336,14.38333327,1639.0,32.517895,-107.169283,0.0,1.083554531,Madrean Pinyon-Juniper Woodland
312,2015-57,J,Male,NM,0.0,0.0,0.0,5.8228,0.09,0.0,0.0042,0.0,14:30,715.3,336,14.38333327,1639.0,32.517895,-107.169283,0.241717366,1.083554531,Madrean Pinyon-Juniper Woodland
313,2015-58,A,Male,NM,0.0,0.0,0.0,2.53,0.0,0.0,0.0,0.0,13:30,767.98,332,14.22499999,1566.0,32.595253,-107.92574,0.450940523,1.16956719,Madrean Pinyon-Juniper Woodland
314,2015-59,A,Female,NM,0.0,0.0,0.3501,0.0,0.0,0.0,0.0,0.0,13:00,86.99,315,14.45833322,1543.0,32.590956,-107.920563,0.112925017,1.628811675,Apacherian-Chihuahuan Piedmont Semi-Desert Grassland and Steppe
315,2015-6,J,Female,NM,0.0,0.0,0.0,0.0,0.0,0.0114,0.0566,0.0,12:30,127.25,324,11.17499996,2023.0,33.688852,-107.33094,0.0,1.796301371,North American Warm Desert Bedrock Cliff and Outcrop
316,2015-60,J,Female,NM,0.0,0.0,2.58,0.0,0.0,0.0,0.0,0.0,13:00,86.99,315,14.45833322,1543.0,32.590956,-107.920563,0.065394131,1.628811675,Apacherian-Chihuahuan Piedmont Semi-Desert Grassland and Steppe
317,2015-61,A,Male,NM,0.0,0.0,0.0,7.3265,0.0,0.0,0.0,0.0,14:30,763.38,332,14.22499999,1560.0,32.592245,-107.930243,0.0,0.761438593,Madrean Pinyon-Juniper Woodland
318,2015-63,J,Female,NM,0.0,0.0,0.0,5.8287,0.0,0.0,0.0,0.0,14:30,763.38,332,14.22499999,1560.0,32.592245,-107.930243,0.116640221,0.761438593,Madrean Pinyon-Juniper Woodland
