id,edad,sexo,estado,Oxalis,Quercus,Cyp.bulb,Phaseolus,Insectos,Cyp.rizo,Commelina.dianthifolia,Euphorbia bilobata,time,covey,dist camino,ppanual17,tmedia17,altitud,lat,lon,hcrop,hland,gap
2014-104,J,Female,NM,9.7584,0,0,0,0,0,0,0,1420,6,251.86,462,7.054166541,2518,34.037969,-108.963777,0,0.798599543,Rocky Mountain Ponderosa Pine Woodland
2014-105,J,Male,NM,3.9632,0,0,0,0,0,0,0,1420,6,251.86,462,7.054166541,2518,34.037969,-108.963777,0,0.798599543,Rocky Mountain Ponderosa Pine Woodland
2016-133,A,Female,AZ,3.8238,0,0,0.6148,0.0514,0,0.0025,0.1085,1700,10,574.06,515,15.95416654,1527,31.375725,-110.530491,0.785803177,1.245915723,Madrean Encinal
2014-28,J,Female,NM,3.7076,0,0,0,0.79,0,0,0,1610,8,23.07,385,10.97916659,1952,33.176791,-107.735593,0.464731684,0.764465556,Colorado Plateau Pinyon-Juniper Woodland
2016-132,J,Male,AZ,2.2011,0,0.778,0.3908,0.0027,0.6988,0.7555,0.565,1600,8,236.76,521,16.13333316,1507,31.353053,-110.53106,1.680150426,1.541562488,Apacherian-Chihuahuan Mesquite Upland Scrub
2016-146,J,Female,AZ,1.9345,0,0,0.0459,0,0,0,0,1530,5,144.68,505,17.03750003,1306,31.375072,-110.777752,0.110158838,1.696755336,"Chihuahuan Creosotebush, Mixed Desert and Thorn Scrub"
2014-81,J,Male,NM,1.0984,0,1.3573,0,0.00009,0,0,0,1245,15,190.95,406,9.98749993,1993,33.289458,-108.061378,0.733283236,0.637185237,Rocky Mountain Ponderosa Pine Woodland
2015-21,J,Female,AZ,0.7669,0,0,0.0164,0.03,0,0,0,1215,12,26.67,504,15.67500008,1546,31.445738,-110.542863,0.308836206,1.596709029,"Chihuahuan Creosotebush, Mixed Desert and Thorn Scrub"
2015-20,J,Male,AZ,0.5227,0,0,0,0,0,0,0,1130,8,26.67,504,15.67500008,1546,31.444386,-110.543406,0.820472477,1.604739743,North American Warm Desert Wash
2014-79,J,Female,NM,0.4199,0,0.7465,0,0.05,0,0,0,1245,15,190.95,406,9.98749993,1993,33.289458,-108.061378,1.152709935,0.637185237,Rocky Mountain Ponderosa Pine Woodland
2016-131,J,Male,AZ,0.3736,0,0.8187,0.2561,0.0087,1.0151,0.0589,0.963,1600,8,236.76,521,16.13333316,1507,31.353053,-110.53106,1.57483825,1.541562488,Apacherian-Chihuahuan Mesquite Upland Scrub
2016-173,NA,Male,AZ,0.2532,0,0.0402,0,0,1.3307,0,0,NA,NA,NA,NA,NA,NA,NA,NA,0.558051299,NA,NA
2016-171,NA,Female,AZ,0.2531,2.3085,0.4103,0.1158,0.4573,0.1426,0,0,NA,NA,NA,NA,NA,NA,NA,NA,1.378613594,NA,NA
2016-134,J,Male,AZ,0.2348,0,0,0,0,0.0284,0,0,1145,10,67.3,546,15.7916667,1481,31.386863,-110.749311,0.52304768,1.665194282,Madrean Encinal
2016-143,J,Male,AZ,0.2064,0,0.0785,0,0,0,0,0,930,10,191.66,537,16.04583315,1408,31.387029,-110.758167,1.169064552,1.684404447,Madrean Encinal
2016-162,J,Male,AZ,0.202,0,0,1.4711,0.0158,0,0,0,1300,12,248.39,595,14.42083335,1746,31.709155,-110.795686,0.894717749,1.014570747,Madrean Pinyon-Juniper Woodland
2016-151,A,Male,AZ,0.1821,0.3616,0.047,0.5079,0,0,0.0071,0.0042,1300,NA,293.82,620,14.30416672,1856,31.411848,-110.745665,1.238467695,1.077713295,Madrean Pinyon-Juniper Woodland
2016-194,NA,Female,AZ,0.1722,0,0,0,0.0052,0.8182,0,0,NA,NA,NA,NA,NA,NA,NA,NA,0.969494782,NA,NA
2016-152,J,Male,AZ,0.1617,,0.5961,0,0.0234,0,0,0.0366,1500,NA,57.94,482,17,1226,31.380497,-111.072099,1.84107562,1.067677296,Madrean Encinal
2016-176,NA,NA,AZ,0.1369,0,0,0,0,0,0,0,NA,NA,NA,NA,NA,NA,NA,NA,1.387987836,NA,NA
2016-251,NA,NA,AZ,0.1004,0.1916,0,0.0156,0.0019,0,0.0155,0,NA,NA,NA,NA,NA,NA,NA,NA,1.380497784,NA,NA
2016-168,NA,Male,AZ,0.0802,2.8766,0.4749,0.0916,1.2843,0,0,0,NA,NA,NA,NA,NA,NA,NA,NA,1.21343054,NA,NA
2016-246,NA,Female,AZ,0.0706,2.7829,0.0499,0.0129,0.1355,0,0,0,NA,NA,NA,NA,NA,NA,NA,NA,0.519684894,NA,NA
2016-245,NA,NA,AZ,0.064,2.0037,0,0,0,0,0,0,NA,NA,NA,NA,NA,NA,NA,NA,0.138036915,NA,NA
2016-145,A,Male,AZ,0.0575,0,1.509,0.5469,0,0.8088,0,0,1500,10,23.14,505,17.11250008,1308,31.370265,-110.776138,1.181408006,1.621506354,"Chihuahuan Creosotebush, Mixed Desert and Thorn Scrub"
2016-135,J,male,AZ,0.0569,0,0,0,0,0.6006,0,0,1145,10,67.3,546,15.7916667,1481,31.386863,-110.749311,0.334802593,1.665194282,Madrean Encinal
2015-19,J,Male,AZ,0.0515,0.4251,0,0,0,0,0,0,1130,8,26.67,504,15.67500008,1546,31.444386,-110.543406,0,1.604739743,North American Warm Desert Wash
2016-169,NA,Male,AZ,0.0409,1.7618,0,0.0644,0,0,0,0,NA,NA,NA,NA,NA,NA,NA,NA,0.482373263,NA,NA
2016-230,NA,Male,AZ,0.0409,0,0,0,0,0,0.1481,0.0589,NA,NA,NA,NA,NA,NA,NA,NA,1.211547454,NA,NA
2016-121,A,Male,AZ,0.0223,0,0,0,0,0.2981,0,0,1245,NA,111.82,520,15.5375,1558,31.484718,-110.602862,0.902849974,1.395862941,Apacherian-Chihuahuan Mesquite Upland Scrub
2016-158,J,Male,AZ,0.0221,0,0,0.3428,0,0,0,0.2272,1600,7,204.37,476,17.28750016,1206,31.366398,-110.99683,1.879824705,0.981917001,Madrean Encinal
2016-255,NA,NA,AZ,0.0209,1.6459,0,0.0579,0,0,0,0,NA,NA,NA,NA,NA,NA,NA,NA,0.391974474,NA,NA
2016-200,NA,Male,AZ,0,4.3821,0,0,0,0,0.2262,0,NA,NA,NA,NA,NA,NA,NA,NA,0.204625672,NA,NA
2016-174,NA,NA,AZ,0,3.9318,0,0.0095,0.0703,0,0,0,NA,NA,NA,NA,NA,NA,NA,NA,0.339572862,NA,NA
2016-195,NA,Male,AZ,0,3.6704,0,0.0206,0,0,0.0345,0,NA,NA,NA,NA,NA,NA,NA,NA,0.130355726,NA,NA
2016-214,NA,Male,AZ,0,3.6678,0,0,0,0,0,0,NA,NA,NA,NA,NA,NA,NA,NA,0.00524834,NA,NA
2016-126,J,Female,AZ,0,3.6208,0,0.1127,0,0,0,0,1230,9,271.02,605,14.41666657,1777,31.41536,-110.734422,0.205581202,0.934580968,Madrean Pinyon-Juniper Woodland
2016-218,NA,Male,AZ,0,3.6155,0,0.0863,0.6609,0,0,0,NA,NA,NA,NA,NA,NA,NA,NA,0.705359057,NA,NA
2016-164,J,Male,AZ,0,3.5921,0,0.4864,0.0651,0,0,0.0077,1700,NA,278.67,551,15.78750026,1572,31.759081,-110.727349,0.727370884,0.942510655,Apacherian-Chihuahuan Piedmont Semi-Desert Grassland and Steppe
2015-50,J,Male,NM,0,3.5302,0,0,0.97,0,0,0,1545,1,204.52,508,11.68333335,2134,32.903387,-105.505935,0.598538439,1.347755207,Rocky Mountain Gambel Oak-Mixed Montane Shrubland
2016-114,J,Male,AZ,0,3.3141,0,0,0.00001,0,0.26,0,1500,NA,85.38,525,15.37083332,1608,31.502858,-110.585248,0.269869151,1.363820133,Mogollon Chaparral
2014-78,J,Female,AZ,0,3.2198,0,0.2639,0.00009,0.3425,0,0.0474,NA,NA,NA,NA,NA,NA,NA,NA,0.605293372,NA,NA
2016-252,NA,NA,AZ,0,3.008,0,0,0.0186,0,0.0098,0,NA,NA,NA,NA,NA,NA,NA,NA,0.079774458,NA,NA
2016-215,NA,NA,AZ,0,2.8706,0,0.0151,0.015,0,0,0,NA,NA,NA,NA,NA,NA,NA,NA,0.18351134,NA,NA
2016-125,J,Male,AZ,0,2.8196,0,0.2127,0.0016,1.8469,0.0085,0.0066,1600,NA,43.47,518,15.57916671,1542,31.480749,-110.607803,0.000143903,1.416778979,Apacherian-Chihuahuan Piedmont Semi-Desert Grassland and Steppe
2016-180,NA,Female,AZ,0,2.7436,0,0.0875,0,0,0,0,NA,NA,NA,NA,NA,NA,NA,NA,0.26371781,NA,NA
2016-189,NA,Male,AZ,0,2.5905,0,0,0.0359,0,0,0,NA,NA,NA,NA,NA,NA,NA,NA,0.09266725,NA,NA
2016-185,NA,Male,AZ,0,2.5874,0.2969,0.1428,2.5596,0.0384,0,0,NA,NA,NA,NA,NA,NA,NA,NA,1.409816863,NA,NA
2016-186,NA,NA,AZ,0,2.2704,0,0,0.1316,0,0,0,NA,NA,NA,NA,NA,NA,NA,NA,0.959797432,NA,NA
2016-112,J,Male,Az,0,2.2135,0,0,0,1.5152,0.2668,0,1500,NA,85.38,525,15.37083332,1608,31.502858,-110.585248,0.875615956,1.363820133,Mogollon Chaparral
2016-175,NA,Male,AZ,0,2.1119,,0.0539,0.5091,0,0,0,NA,NA,NA,NA,NA,NA,NA,NA,0.973281664,NA,NA
2016-207,NA,NA,AZ,0,2.097,0,0,0.0632,0,0,0,NA,NA,NA,NA,NA,NA,NA,NA,0.550227957,NA,NA
2015-52,J,Male,NM,0,2.0487,0,0,0.07,0.3488,0,0,1520,10,25.21,373,12.72916666,1901,32.854051,-107.65178,0.782133757,0.868275775,Madrean Pinyon-Juniper Woodland
2016-206,NA,NA,AZ,0,1.9758,0,0.4305,0.2654,0,0,0,NA,NA,NA,NA,NA,NA,NA,NA,1.254901781,NA,NA
2016-113,J,Male,AZ,0,1.8674,0,0,0,0.0889,0.2135,0,1500,NA,85.38,525,15.37083332,1608,31.502858,-110.585248,0.48822596,1.363820133,Mogollon Chaparral
2016-172,NA,Female,AZ,0,1.8201,,0.1442,0.5257,0.0532,0.0202,0,NA,NA,NA,NA,NA,NA,NA,NA,0.924681199,NA,NA
2015-55,J,Female,AZ,0,1.7465,0,0,0,0,0,0,1305,6,161.8,559,15.68750011,1597,31.784134,-110.750951,0.250973455,0.859763122,Apacherian-Chihuahuan Piedmont Semi-Desert Grassland and Steppe
2016-242,NA,NA,AZ,0,1.7298,0.2041,0.0515,0.0078,0,0.0127,0,NA,NA,NA,NA,NA,NA,NA,NA,0.882340824,NA,NA
2016-187,NA,Male,AZ,0,1.7093,0,0,0,0,0,0,NA,NA,NA,NA,NA,NA,NA,NA,0.615614781,NA,NA
2016-209,NA,NA,AZ,0,1.631,0,0.4811,0.0052,0,0.0043,0,NA,NA,NA,NA,NA,NA,NA,NA,1.063480392,NA,NA
2016-177,NA,Male,AZ,0,1.4837,0,0,0.0152,0,0,0,NA,NA,NA,NA,NA,NA,NA,NA,0.056647393,NA,NA
2016-256,NA,NA,AZ,0,1.4604,0,0,0,0,0,0,NA,NA,NA,NA,NA,NA,NA,NA,0.053044223,NA,NA
2016-163,J,Male,AZ,0,1.4075,0,0,0.0686,0.2099,0,0.0063,1600,6,222.73,551,15.78750026,1572,31.760484,-110.725406,0.805845825,0.961668314,Apacherian-Chihuahuan Mesquite Upland Scrub
2015-7,J,Male,NM,0,1.2879,0,0,0.25,0,0,0,1545,12,55.79,291,12.1416666,1817,33.712117,-107.302924,0.966908596,0.730961818,Apacherian-Chihuahuan Piedmont Semi-Desert Grassland and Steppe
2016-208,NA,NA,AZ,0,1.2877,0,0,0,0,0,0,NA,NA,NA,NA,NA,NA,NA,NA,0.351916882,NA,NA
2015-49,A,Male,NM,0,1.2612,0,0,0.32,0,0,0,1315,1,189.52,508,11.68333335,2093,32.902179,-105.503672,1.187061924,1.348812969,Rocky Mountain Gambel Oak-Mixed Montane Shrubland
2014-77,J,Male,AZ,0,1.2544,0,0,0.05,0,0,0,NA,NA,NA,NA,NA,NA,NA,NA,0.16260579,NA,NA
2016-179,NA,Male,AZ,0,1.2512,0,0.0516,0.0632,0.1526,0.0126,0,NA,NA,NA,NA,NA,NA,NA,NA,1.050381068,NA,NA
2015-22,J,Male,AZ,0,1.2481,0,0,0.12,0.0356,0.0321,0,1130,12,223.21,557,15.77916652,1591,31.791366,-110.748967,0.432456649,0.786193853,Apacherian-Chihuahuan Piedmont Semi-Desert Grassland and Steppe
2016-124,A,Male,AZ,0,1.1597,0,0.4147,0,1.6483,0,0,1600,NA,43.47,518,15.57916671,1542,31.480749,-110.607803,1.201160324,1.416778979,Apacherian-Chihuahuan Piedmont Semi-Desert Grassland and Steppe
2015-54,J,Male,AZ,0,1.1419,0,0,0,0,0.039,0,1305,6,161.8,559,15.68750011,1597,31.784134,-110.750951,1.473759884,0.859763122,Apacherian-Chihuahuan Piedmont Semi-Desert Grassland and Steppe
2016-210,NA,NA,AZ,0,1.1058,0,0,0.0323,0,0,0,NA,NA,NA,NA,NA,NA,NA,NA,0.31730691,NA,NA
2016-188,NA,NA,AZ,0,1.1018,0,0,0.0285,0,0,0,NA,NA,NA,NA,NA,NA,NA,NA,0.477221927,NA,NA
2016-244,NA,Female,AZ,0,1.0677,0,0,0.069,1.006,0.0144,0,NA,NA,NA,NA,NA,NA,NA,NA,1.177907602,NA,NA
2016-170,NA,Male,AZ,0,1.0257,0,0.0854,2.28,0,0,0,NA,NA,NA,NA,NA,NA,NA,NA,0.763730593,NA,NA
2015-8,J,Male,NM,0,0.9541,0,0,0.00009,0,0,0,1545,12,55.79,291,12.1416666,1817,33.712117,-107.302924,0.79984246,0.730961818,Apacherian-Chihuahuan Piedmont Semi-Desert Grassland and Steppe
2016-250,NA,NA,AZ,0,0.9458,0,0,0.1025,0,0,0,NA,NA,NA,NA,NA,NA,NA,NA,0.441943343,NA,NA
2015-14,J,Male,AZ,0,0.9437,0,0,0.62,1.0349,0,0,1030,8,49.79,506,15.71666638,1530,31.4416,-110.548871,0.202936384,1.526532568,Madrean Encinal
2016-153,A,Female,AZ,0,0.8828,0,0.0441,0.1226,0,0.0065,0,1400,3,12.36,531,16.13333331,1504,31.747172,-110.701652,0.579030122,1.223744838,Apacherian-Chihuahuan Piedmont Semi-Desert Grassland and Steppe
2016-122,A,Male,AZ,0,0.8823,0,0.7709,0.4965,1.1441,0.3259,0.0785,1600,NA,43.47,518,15.57916671,1542,31.480749,-110.607803,2.053078872,1.416778979,Apacherian-Chihuahuan Piedmont Semi-Desert Grassland and Steppe
2015-9,J,Male,NM,0,0.8789,0,0,0.17,0.514,0,0,1545,12,55.79,291,12.1416666,1817,33.712117,-107.302924,1.286208239,0.730961818,Apacherian-Chihuahuan Piedmont Semi-Desert Grassland and Steppe
2016-196,NA,Male,AZ,0,0.8203,0,0.1101,0.1958,0,0.0092,0,NA,NA,NA,NA,NA,NA,NA,NA,1.141483313,NA,NA
2016-201,NA,NA,AZ,0,0.782,0.1029,0.1686,0,0,0.007,0.0061,NA,NA,NA,NA,NA,NA,NA,NA,0.836128671,NA,NA
2016-237,NA,Female,AZ,0,0.7608,0,0,0.7717,2.7897,0,0,NA,NA,NA,NA,NA,NA,NA,NA,1.015056402,NA,NA
2016-221,NA,NA,AZ,0,0.6117,0,0,0.0827,0,0,0,NA,NA,NA,NA,NA,NA,NA,NA,0.500015577,NA,NA
2016-220,NA,Female,AZ,0,0.6046,0,0,0.0291,0,0,0,NA,NA,NA,NA,NA,NA,NA,NA,0.903810641,NA,NA
2016-216,NA,Male,AZ,0,0.5605,0,0.019,0.2053,0.157,0,0,NA,NA,NA,NA,NA,NA,NA,NA,0.815951402,NA,NA
2015-23,J,Male,AZ,0,0.5136,0,0.0569,0.07,0,0.0485,0,1130,12,223.21,557,15.77916652,1591,31.791366,-110.748967,0.505860619,0.786193853,Apacherian-Chihuahuan Piedmont Semi-Desert Grassland and Steppe
2016-238,NA,NA,AZ,0,0.452,0,0,0,0.3245,0.008,0,NA,NA,NA,NA,NA,NA,NA,NA,1.714044499,NA,NA
2016-213,NA,Female,AZ,0,0.3994,0,0,0.1954,0,0,0,NA,NA,NA,NA,NA,NA,NA,NA,0.515808207,NA,NA
2016-138,J,Female,AZ,0,0.3733,0,0,0,0.0519,0,0,1600,8,42.51,545,15.07500002,1587,31.422294,-110.652616,0.76615608,1.122458915,Madrean Pinyon-Juniper Woodland
2016-123,A,Female,AZ,0,0.3204,0,0.1104,1.14981,0.0848,0.2718,0,1600,NA,7.49,518,15.57916671,1542,31.479651,-110.60579,1.92092746,1.46197745,Apacherian-Chihuahuan Mesquite Upland Scrub
2016-219,NA,Female,AZ,0,0.3079,0,0,0,0,0,0,NA,NA,NA,NA,NA,NA,NA,NA,0.689930968,NA,NA
2016-109,J,Male,AZ,0,0.3037,0,0.8553,0,0.4098,0,0.0251,1000,NA,108.04,528,15.47500012,1578,31.488971,-110.611033,1.195382845,1.391935879,Apacherian-Chihuahuan Piedmont Semi-Desert Grassland and Steppe
2015-53,J,Female,NM,0,0.2898,0,0,0.17,0.1581,0,0,1520,10,25.21,373,12.72916666,1901,32.854051,-107.65178,0.532054651,0.868275775,Madrean Pinyon-Juniper Woodland
2016-159,A,Female,AZ,0,0.2765,0,0.2518,0,0,0,0.2219,1700,6,7.96,476,17.31250004,1207,31.368291,-110.994441,1.775771474,0.989926738,Madrean Encinal
2016-197,NA,Female,AZ,0,0.2558,0,0.0425,0,0,0.0513,0,NA,NA,NA,NA,NA,NA,NA,NA,1.279382227,NA,NA
2016-202,NA,NA,AZ,0,0.2551,0.4248,0.218,0,0.3949,0.3731,0.0977,NA,NA,NA,NA,NA,NA,NA,NA,2.159700184,NA,NA
2016-235,NA,Female,AZ,0,0.2261,0,0,0.0006,0.4325,0.0069,0,1600,NA,NA,NA,NA,NA,NA,NA,1.052337975,NA,NA
2016-203,NA,Male,AZ,0,0.2169,0.8242,0.3301,0,0.6923,0.0283,0,NA,NA,NA,NA,NA,NA,NA,NA,1.361887387,NA,NA
2016-183,NA,Male,AZ,0,0.1953,0,0.1503,0,0,0,0,NA,NA,NA,NA,NA,NA,NA,NA,0.894985665,NA,NA
2016-204,NA,NA,AZ,0,0.1816,0.1229,0.1649,0,0.1292,0.0924,0.041,NA,NA,NA,NA,NA,NA,NA,NA,2.318524711,NA,NA
2016-184,NA,Male,AZ,0,0.1374,0,0.1325,0.1065,0,0,0,NA,NA,NA,NA,NA,NA,NA,NA,0.881310513,NA,NA
2015-51,J,Male,NM,0,0.1264,0,0,0.34,1.3494,0,0,1520,10,25.21,373,12.72916666,1901,32.854051,-107.65178,0.521212566,0.868275775,Madrean Pinyon-Juniper Woodland
2015-26,J,Male,NM,0,0.1262,0,0,0,0,0,0,1315,6,142.51,455,12.89583324,1916,32.7417,-105.354701,0.691270969,1.256741075,Madrean Pinyon-Juniper Woodland
2015-17,J,Male,AZ,0,0.1133,0,0,0,0.0334,0,0,915,7,50.52,503,15.72083351,1510,31.450843,-110.557762,0,1.479697054,Apacherian-Chihuahuan Mesquite Upland Scrub
2016-239,NA,NA,AZ,0,0.0977,0,0,0.0336,0.7118,0,0,NA,NA,NA,NA,NA,NA,NA,NA,0.855192085,NA,NA
2016-111,A,Male,AZ,0,0.0775,0,0,0,0.2528,0.1318,0,1000,NA,108.04,528,15.47500012,1578,31.488971,-110.611033,1.278840247,1.391935879,Apacherian-Chihuahuan Piedmont Semi-Desert Grassland and Steppe
2016-156,A,Male,AZ,0,0.0739,0,1.2447,0,0,0,0.0904,1530,5,313.92,485,17.21666679,1239,31.369858,-111.000554,0.923424666,0.914529011,Madrean Encinal
2016-181,NA,Female,AZ,0,0.0718,0.2481,0,0.0815,0,0,0,NA,NA,NA,NA,NA,NA,NA,NA,1.381647224,NA,NA
2015-62,A,Male,NM,0,0.0718,0,5.0018,0,0,0,0,1430,8,763.38,332,14.22499999,1560,32.592245,-107.930243,0.154973195,0.761438593,Madrean Pinyon-Juniper Woodland
2015-45,J,Male,NM,0,0.0666,0.089,0,0.00009,0.2523,0,0,1205,3,113.61,416,14.35416671,1688,31.517713,-108.976493,0.615554029,1.062503693,Apacherian-Chihuahuan Piedmont Semi-Desert Grassland and Steppe
2016-228,J,Male,AZ,0,0.0537,0,0.105,0.0671,0.1848,0.0047,0,NA,NA,NA,NA,NA,NA,NA,NA,1.893559097,NA,NA
2016-227,NA,NA,AZ,0,0.0217,0,1.2915,0,0,0,0.1302,NA,NA,NA,NA,NA,NA,NA,NA,1.139785049,NA,NA
2014-63,A,Male,AZ,0,0,0,0.0605,0,6.192,0,0,1615,10,451.6,520,15.5375,1567,31.487968,-110.60384,0.103609901,1.437639721,Apacherian-Chihuahuan Mesquite Upland Scrub
2014-64,J,Male,AZ,0,0,0,1.2284,0.00009,4.4484,0,0.0057,1615,10,451.6,520,15.5375,1567,31.487968,-110.60384,0.000223004,1.437639721,Apacherian-Chihuahuan Mesquite Upland Scrub
2014-74,,Female,AZ,0,0,0,0,0,0,0,0,910,10,272.86,515,15.59583343,1559,31.479233,-110.594791,0,1.43420978,Apacherian-Chihuahuan Mesquite Upland Scrub
2014-75,J,Male,AZ,0,0,0,0,0,0.027,0,0,910,10,272.86,515,15.59583343,1559,31.479233,-110.594791,0,1.43420978,Apacherian-Chihuahuan Mesquite Upland Scrub
2014-76,J,Female,AZ,0,0,0.0231,0,0,0,0,0,910,10,272.86,515,15.59583343,1559,31.479233,-110.594791,0,1.43420978,Apacherian-Chihuahuan Mesquite Upland Scrub
2014-85,A,Female,AZ,0,0,0,0.3115,0.02,4.0589,0,0.02,1615,10,451.6,520,15.5375,1567,31.487968,-110.60384,0.393457149,1.437639721,Apacherian-Chihuahuan Mesquite Upland Scrub
2014-86,A,Male,AZ,0,0,0,0,0,0,0,0,910,10,272.86,515,15.59583343,1559,31.479233,-110.594791,0,1.43420978,Apacherian-Chihuahuan Mesquite Upland Scrub
2015-15,J,Male,AZ,0,0,0,0.0552,0,0.0153,0,0,1045,12,97.65,506,15.71666638,1579,31.441023,-110.549115,1.076409266,1.514417963,Madrean Encinal
2015-16,J,Female,AZ,0,0,0,0,0,0.0347,0,0,915,7,50.52,503,15.72083351,1510,31.450843,-110.557762,0.523111954,1.479697054,Apacherian-Chihuahuan Mesquite Upland Scrub
2015-18,J,Female,AZ,0,0,0,0,0,0,0,0,1000,12,101.64,504,15.67500008,1546,31.443211,-110.547695,0.536452365,1.578949213,North American Warm Desert Wash
2016-101,J,Male,AZ,0,0,0,0.0695,0,1.0359,0.038,0.0076,930,NA,211.01,526,15.92083329,1578,31.351572,-110.489045,0.762395791,1.133977763,Madrean Encinal
2016-102,J,Male,AZ,0,0,0,0,0,0.1884,0,0,930,NA,211.01,526,15.92083329,1578,31.351572,-110.489045,0.099129977,1.133977763,Madrean Encinal
2016-103,J,Male,AZ,0,0,0,2.9338,0,0.6889,0.0342,0.008,1630,NA,171.92,527,15.56250009,1616,31.391325,-110.464206,0.86535793,1.481311877,Apacherian-Chihuahuan Piedmont Semi-Desert Grassland and Steppe
2016-104,J,Female,AZ,0,0,0,1.0707,0.0085,0.6081,0.2536,0,1630,NA,171.92,527,15.56250009,1616,31.391325,-110.464206,1.578036898,1.481311877,Apacherian-Chihuahuan Piedmont Semi-Desert Grassland and Steppe
2016-105,J,Female,AZ,0,0,0,1.9805,0,0,0.4402,0,1630,NA,171.92,527,15.56250009,1616,31.391325,-110.464206,1.169040784,1.481311877,Apacherian-Chihuahuan Piedmont Semi-Desert Grassland and Steppe
2016-106,J,Female,AZ,0,0,0,1.8584,0,0.3721,0,0.0076,1630,NA,171.92,527,15.56250009,1616,31.391325,-110.464206,0.700815882,1.481311877,Apacherian-Chihuahuan Piedmont Semi-Desert Grassland and Steppe
2016-107,J,Male,AZ,0,0,0,2.1216,0,1.2667,0.0119,0.2029,1530,NA,230.06,536,15.41249979,1655,31.398052,-110.463635,1.196756415,1.506866435,"Chihuahuan Creosotebush, Mixed Desert and Thorn Scrub"
2016-108,J,Female,AZ,0,0,0,2.5714,0,1.0462,0,0.1153,1530,NA,230.06,536,15.41249979,1655,31.398052,-110.463635,1.029771951,1.506866435,"Chihuahuan Creosotebush, Mixed Desert and Thorn Scrub"
2016-110,J,Male,AZ,0,0,0,0.3143,0,0.0594,0.0226,0,1000,NA,108.04,528,15.47500012,1578,31.488971,-110.611033,1.335931779,1.391935879,Apacherian-Chihuahuan Piedmont Semi-Desert Grassland and Steppe
2016-115,A,Female,AZ,0,0,0,0,0,2.7432,0,0,1600,NA,161.74,525,15.37083332,1608,31.503429,-110.584759,0.329168055,1.362937382,Mogollon Chaparral
2016-116,J,Female,AZ,0,0,0,0,0,0.5039,0,0,1600,NA,161.74,525,15.37083332,1608,31.503429,-110.584759,0.775274898,1.362937382,Mogollon Chaparral
2016-117,A,Female,AZ,0,0,2.1546,0,0,0,0,0,1600,NA,161.74,525,15.37083332,1608,31.503429,-110.584759,0.043985817,1.362937382,Mogollon Chaparral
2016-118,J,Male,AZ,0,0,0,2.2695,0,0.1288,0,0.1058,1245,NA,111.82,520,15.5375,1558,31.484718,-110.602862,0.638124624,1.395862941,Apacherian-Chihuahuan Mesquite Upland Scrub
2016-119,J,Male,AZ,0,0,0,1.367,0,0.0095,0.0117,0.0568,1245,NA,111.82,520,15.5375,1558,31.484718,-110.602862,0.466686194,1.395862941,Apacherian-Chihuahuan Mesquite Upland Scrub
2016-120,J,Male,AZ,0,0,0,2.994,0,0.1699,0,0.0582,1245,NA,111.82,520,15.5375,1558,31.484718,-110.602862,0.390418422,1.395862941,Apacherian-Chihuahuan Mesquite Upland Scrub
2016-127,J,Male,AZ,0,0,0,0.0281,0,0,0,0,930,5,247.41,526,15.92083329,1578,31.3511,-110.484337,0.696356931,1.198105477,Apacherian-Chihuahuan Piedmont Semi-Desert Grassland and Steppe
2016-128,J,Female,AZ,0,0,0,0,0,0.5811,0.0401,0,1000,6,199.39,521,16.03749978,1528,31.347878,-110.484526,0.239314288,1.275254273,Madrean Encinal
2016-129,J,Male,AZ,0,0,0,0.0365,0,1.2049,0.0279,0.0277,1145,7,111.6,521,16.03749978,1528,31.34385,-110.486741,0.482014575,1.297985692,Madrean Encinal
2016-130,J,Male,AZ,0,0,0,0.1133,0,0.1037,0.086,0.2098,1245,NA,251.24,521,16.03749978,1528,31.345481,-110.487064,1.459657235,1.319997452,"Chihuahuan Creosotebush, Mixed Desert and Thorn Scrub"
2016-136,J,Male,AZ,0,0,0,0,0.0014,0,0,0.0407,1100,16,207.95,476,17.31250004,1207,31.367431,-110.996582,0.83406536,0.949227213,Madrean Encinal
2016-137,J,Male,AZ,0,0,0.0534,0,0,0,0,0,1030,12,109.61,476,17.31250004,1207,31.369391,-110.995969,0,0.949769167,Madrean Encinal
2016-139,A,Male,AZ,0,0,0,0,0,1.2528,0,0,1300,5,198.58,545,15.07500002,1587,31.422592,-110.650605,0,1.126085082,Madrean Encinal
2016-140,J,Male,AZ,0,0,0,0.0631,0,1.6855,0.4053,0,1400,12,187.92,537,15.20833329,1561,31.425362,-110.643223,1.087978804,1.023583665,Apacherian-Chihuahuan Piedmont Semi-Desert Grassland and Steppe
2016-141,J,Male,AZ,0,0,0,0.1937,0,2.2694,0,0,1400,12,187.92,537,15.20833329,1561,31.425362,-110.643223,0.755566734,1.023583665,Apacherian-Chihuahuan Piedmont Semi-Desert Grassland and Steppe
2016-142,J,Male,AZ,0,0,0,0,0,1.9496,0,0,1500,NA,211.97,545,15.07500002,1587,31.421244,-110.651053,0.211407263,1.121255424,Madrean Encinal
2016-144,A,Male,AZ,0,0,0,0,0,0,0,0,1400,10,20.21,505,17.11250008,1308,31.368273,-110.77539,0.975412918,1.621506354,Apacherian-Chihuahuan Mesquite Upland Scrub
2016-147,A,Male,AZ,0,0,0,0.0252,0,0,0,0.0067,930,5,168.93,479,17.2958334,1232,31.376481,-111.000478,1.44655089,0.776493996,Madrean Encinal
2016-148,A,Female,AZ,0,0,0,0.1638,0,0,0,0.0281,1130,8,110.14,501,16.97499997,1290,31.369116,-111.02804,1.447527526,1.288868248,Chihuahuan Mixed Salt Desert Scrub
2016-149,J,Male,AZ,0,0,0,0.8187,0,0,0,0.009,1130,8,110.14,501,16.97499997,1290,31.369116,-111.02804,0.230720343,1.288868248,Chihuahuan Mixed Salt Desert Scrub
2016-150,J,Male,AZ,0,0,0,0.0617,0,0,0,0.0433,1130,8,110.14,501,16.97499997,1290,31.369116,-111.02804,0.802305305,1.288868248,Chihuahuan Mixed Salt Desert Scrub
2016-154,J,Male,AZ,0,0,0,0.5759,0,0.0523,0.1355,0,1530,NA,230.06,536,15.41249979,1655,31.398052,-110.463635,0.949364706,1.506866435,"Chihuahuan Creosotebush, Mixed Desert and Thorn Scrub"
2016-155,A,Female,AZ,0,0,0,0,0,0.3231,0.0104,0,1030,5,30.91,529,15.37500002,1531,31.428275,-110.632926,0.138835485,1.044944491,Apacherian-Chihuahuan Piedmont Semi-Desert Grassland and Steppe
2016-157,A,Female,AZ,0,0,0,0,0.0036,0,0,0.0153,1530,5,313.92,485,17.21666679,1239,31.369858,-111.000554,1.409232045,0.914529011,Madrean Encinal
2016-160,A,Male,AZ,0,0,0,0,0,0,0,0.062,1700,6,7.96,476,17.31250004,1207,31.368291,-110.994441,1.012003313,0.989926738,Madrean Encinal
2016-161,J,Female,AZ,0,0,0,0,0,0,0,0,1200,6,46.74,598,14.4125,1763,31.702909,-110.793529,0,1.092305976,Madrean Encinal
2016-165,A,Male,AZ,0,0,0,0.235,0,1.5768,0,0,1500,11,302.62,540,15.14999989,1569,31.424441,-110.642067,0.711430789,1.017402774,Apacherian-Chihuahuan Piedmont Semi-Desert Grassland and Steppe
2016-166,J,Female,AZ,0,0,0,1.8058,0,0.6525,0,0,1400,4,51.77,537,15.43333321,1662,31.37902,-110.426268,0.616789365,1.379060754,Mogollon Chaparral
2016-167,NA,Female,AZ,0,0,0,0,0,0.6981,0,0,NA,NA,NA,NA,NA,NA,NA,NA,0.11939009,NA,NA
2016-178,NA,NA,AZ,0,0,0,0,0,0,0,0,NA,NA,NA,NA,NA,NA,NA,NA,0,NA,NA
2016-182,NA,Male,AZ,0,0,0,0,0.003,0,0,0,NA,NA,NA,NA,NA,NA,NA,NA,0.40423973,NA,NA
2016-190,NA,Male,AZ,0,0,0,0,0.6295,0,0,0,NA,NA,NA,NA,NA,NA,NA,NA,0.670505196,NA,NA
2016-191,NA,NA,AZ,0,0,0,0.8974,0.0024,0,0.0069,0,NA,NA,NA,NA,NA,NA,NA,NA,1.502276184,NA,NA
2016-192,NA,NA,AZ,0,0,0,0.1531,0,0,0,0,NA,NA,NA,NA,NA,NA,NA,NA,0.271547106,NA,NA
2016-193,NA,Female,AZ,0,0,0,0.4765,0,5.5688,0.4071,0,NA,NA,NA,NA,NA,NA,NA,NA,0.542719797,NA,NA
2016-198,NA,Male,AZ,0,0,0,0,0,1.0221,0,0,NA,NA,NA,NA,NA,NA,NA,NA,0,NA,NA
2016-199,NA,Male,AZ,0,0,0,0.2504,0.0033,0,0,0.0202,NA,NA,NA,NA,NA,NA,NA,NA,1.607824231,NA,NA
2016-211,A,Male,AZ,0,0,0,0.0292,0,2.4381,0.045,0,NA,NA,NA,NA,NA,NA,NA,NA,0.217779162,NA,NA
2016-212,J,Female,AZ,0,0,0.2863,0.1707,0,0,0,0.0236,NA,NA,NA,NA,NA,NA,NA,NA,0.887586909,NA,NA
2016-217,NA,Male,AZ,0,0,0,0,0,1.0932,0,0,NA,NA,NA,NA,NA,NA,NA,NA,0.376678895,NA,NA
2016-222,NA,Female,AZ,0,0,0,2.7997,0.3833,0,0,0.1191,NA,NA,NA,NA,NA,NA,NA,NA,1.277787886,NA,NA
2016-223,NA,NA,AZ,0,0,0,0.641,0,0,0,0,NA,NA,NA,NA,NA,NA,NA,NA,1.476111775,NA,NA
2016-224,NA,NA,AZ,0,0,0,0.7444,0.002,0,0,0.2808,NA,NA,NA,NA,NA,NA,NA,NA,1.924338775,NA,NA
2016-225,NA,NA,AZ,0,0,0,0.2008,0,0,0,0.002,NA,NA,NA,NA,NA,NA,NA,NA,0.997422547,NA,NA
2016-226,NA,NA,AZ,0,0,0,1.1516,0.002,0,0,0.0067,NA,NA,NA,NA,NA,NA,NA,NA,0.801134392,NA,NA
2016-229,A,Female,AZ,0,0,0,0,0,2.0017,0,0,NA,NA,NA,NA,NA,NA,NA,NA,0.025971266,NA,NA
2016-231,NA,Male,AZ,0,0,0.3836,0,0.0584,0.056,0.7243,0.2312,1600,NA,NA,NA,NA,NA,NA,NA,1.846372649,NA,NA
2016-232,NA,Male,AZ,0,0,0.4011,0,0,0.8661,0.6175,0.066,1600,NA,NA,NA,NA,NA,NA,NA,1.61643903,NA,NA
2016-233,NA,Female,AZ,0,0,0,0.0919,0,0,0.0914,0.0202,1600,NA,NA,NA,NA,NA,NA,NA,1.9260592,NA,NA
2016-234,NA,NA,AZ,0,0,0.0602,0,0.01141,0.2321,0.9546,0.4131,1600,NA,NA,NA,NA,NA,NA,NA,1.941840861,NA,NA
2016-236,NA,NA,AZ,0,0,0,0.3063,0,0,0.0334,0,NA,NA,NA,NA,NA,NA,NA,NA,0.744616726,NA,NA
2016-240,NA,NA,AZ,0,0,0,0.0492,0,0.0132,0.0152,0,NA,NA,NA,NA,NA,NA,NA,NA,0.909550431,NA,NA
2016-241,NA,NA,AZ,0,0,0,0.1289,0,0.032,0.311,0.0788,NA,NA,NA,NA,NA,NA,NA,NA,1.759896472,NA,NA
2016-243,NA,NA,AZ,0,0,0,0,0,0,0,0,NA,NA,NA,NA,NA,NA,NA,NA,0,NA,NA
2016-247,NA,NA,AZ,0,0,0,0.5804,0,0,0,0.0085,NA,NA,NA,NA,NA,NA,NA,NA,1.444389399,NA,NA
2016-248,NA,NA,AZ,0,0,0,0.4469,0,0,0,0,NA,NA,NA,NA,NA,NA,NA,NA,1.406209936,NA,NA
2016-249,NA,NA,AZ,0,0,0,0,0,0.1449,0,0,NA,NA,NA,NA,NA,NA,NA,NA,0.291354133,NA,NA
2016-253,NA,NA,AZ,0,0,0,0.021,0.0023,0,0,0,NA,NA,NA,NA,NA,NA,NA,NA,0.556133085,NA,NA
2016-254,NA,NA,AZ,0,0,0,0.0464,0,0,0,0,NA,NA,NA,NA,NA,NA,NA,NA,0.427505151,NA,NA
2016-257,NA,NA,AZ,0,0,0,0,0,0.4133,0,0,NA,NA,NA,NA,NA,NA,NA,NA,0,NA,
2014-1,A,Male,NM,0,0,0,0.0167,0,2.8639,0.3059,0.0075,1430,8,97.11,422,14.22083333,1694,31.512,-108.979722,0.547429823,1.062828529,Apacherian-Chihuahuan Piedmont Semi-Desert Grassland and Steppe
2014-10,J,Female,NM,0,0,0,0,0,1.5877,0,0,1430,10,23.73,366,11.2333334,1922,33.224046,-107.708294,0.386901911,0.386821329,Colorado Plateau Pinyon-Juniper Woodland
2014-100,J,Male,NM,0,0,0.1978,0,1.53,0,0,0,930,12,401.45,324,14.45416652,1514,32.329567,-108.268029,0.493813449,0.858453672,Apacherian-Chihuahuan Piedmont Semi-Desert Grassland and Steppe
2014-101,J,Female,NM,0,0,0.6706,0,0,0,0,0,1000,8,536.78,324,14.45416652,1591,32.330533,-108.269338,0.079618485,0.90384489,Apacherian-Chihuahuan Piedmont Semi-Desert Grassland and Steppe
2014-102,J,Male,NM,0,0,1.6526,0,0.00009,0,0,0,1000,8,536.78,324,14.45416652,1591,32.330533,-108.269338,0.039978107,0.90384489,Apacherian-Chihuahuan Piedmont Semi-Desert Grassland and Steppe
2014-103,A,Female,NM,0,0,1.2731,0,0.53,0,0,0,1000,8,536.78,324,14.45416652,1591,32.330533,-108.269338,0.898646219,0.90384489,Apacherian-Chihuahuan Piedmont Semi-Desert Grassland and Steppe
2014-11,J,Male,NM,0,0,0,0,0,2.1763,0,0,1300,20,191.63,388,10.58333338,2023,33.204403,-107.748024,0.493280823,0.703368805,Colorado Plateau Pinyon-Juniper Woodland
2014-12,J,Female,NM,0,0,0,0,0.05,1.0401,0,0,1400,12,61.01,385,10.97916659,1985,33.17768,-107.736961,0.732462018,0.731682242,Colorado Plateau Pinyon-Juniper Woodland
2014-13,J,Female,NM,0,0,0,0,0,0,0,0,1500,12,96.82,385,10.97916659,1952,33.177011,-107.734185,0.407533812,0.777389405,Madrean Pinyon-Juniper Woodland
2014-14,J,Female,NM,0,0,0,0,0,0.1406,0,0,945,10,222.86,379,10.97500005,1951,33.202936,-107.731141,0.114290438,0.476872047,Colorado Plateau Pinyon-Juniper Woodland
2014-15,J,Male,NM,0,0,0,0,0,0,0,0,835,8,552.46,379,10.97500005,1951,33.206323,-107.730034,0,0.516744404,Colorado Plateau Pinyon-Juniper Woodland
2014-16,J,Male,NM,0,0,0,0,0,0.0861,0,0,1000,2,191.08,367,11.23333326,1921,33.206864,-107.71643,0.31081694,0.316827011,Colorado Plateau Pinyon-Juniper Woodland
2014-17,J,Male,NM,0,0,0,0,0,0.4208,0,0,1300,20,191.63,388,10.58333338,2023,33.204403,-107.748024,0.357119806,0.703368805,Colorado Plateau Pinyon-Juniper Woodland
2014-18,J,Male,NM,0,0,0.3338,0,0,0.1363,0,0,1130,12,398.94,372,11.34166674,1885,33.165643,-107.738227,0.602096438,1.117491267,Madrean Pinyon-Juniper Woodland
2014-19,J,Female,NM,0,0,1.2589,0,0.12,0,0,0,1130,12,398.94,372,11.34166674,1885,33.165643,-107.738227,0.295602272,1.117491267,Madrean Pinyon-Juniper Woodland
2014-2,J,Female,NM,0,0,0,0,0.08,0,0,0,1145,10,235.44,416,14.37499982,1665,31.524234,-108.974204,0.569618737,1.036134785,Apacherian-Chihuahuan Piedmont Semi-Desert Grassland and Steppe
2014-20,A,Female,NM,0,0,0.283,0,0,0.1759,0,0,1130,12,398.94,372,11.34166674,1885,33.165643,-107.738227,0.665660312,1.117491267,Madrean Pinyon-Juniper Woodland
2014-21,J,Male,NM,0,0,0.6782,0.0171,0,0,0,0,1530,8,253.42,355,13.78750004,1641,32.799302,-107.593281,0.146361383,0.85220331,Madrean Pinyon-Juniper Woodland
2014-22,J,Female,NM,0,0,0.2781,0,0,0.4898,0,0,1530,8,253.42,355,13.78750004,1641,32.799302,-107.593281,1.002554516,0.85220331,Madrean Pinyon-Juniper Woodland
2014-23,J,Male,NM,0,0,0.1883,0,0,0,0,0,1200,2,121.27,343,14.05833329,1617,32.779075,-107.575882,0.251170505,0.756998569,Apacherian-Chihuahuan Piedmont Semi-Desert Grassland and Steppe
2014-24,J,Female,NM,0,0,0,0,0,1.0214,0,0,1315,6,43.73,373,12.72916666,1901,32.854212,-107.651827,0.310607208,0.883634214,Madrean Pinyon-Juniper Woodland
2014-25,J,Male,NM,0,0,0,0,0,0,0,0,1240,7,201.5,371,11.05833333,1947,33.227964,-107.71424,0,0.351249029,Colorado Plateau Pinyon-Juniper Woodland
2014-26,J,Male,NM,0,0,0,0,0,1,0,0,1315,6,43.73,373,12.72916666,1889,32.854212,-107.651827,0.487202547,0.883634214,Madrean Pinyon-Juniper Woodland
2014-27,J,Male,NM,0,0,0,0,0.07,4.2134,0.021,0,1510,8,86.84,388,10.58333338,2023,33.203867,-107.749015,0.744249339,0.723791731,Rocky Mountain Ponderosa Pine Woodland
2014-29,A,Male,NM,0,0,0,0,0,2.1454,0,0,1330,6,43.73,373,12.72916666,1889,32.854212,-107.651827,0.116637017,0.883634214,Madrean Pinyon-Juniper Woodland
2014-3,J,Female,NM,0,0,2.1831,0,0,0,0.0349,0.0462,1115,12,66.79,422,14.22083333,1694,31.513348,-108.979977,0.178897654,1.092318199,Apacherian-Chihuahuan Piedmont Semi-Desert Grassland and Steppe
2014-30,J,Female,NM,0,0,0,0,0.19,3.2986,0,0,1510,8,86.84,388,10.58333338,2023,33.203867,-107.749015,0.827418223,0.723791731,Rocky Mountain Ponderosa Pine Woodland
2014-31,J,Female,NM,0,0,0,0,0,0,0,0,1240,7,201.5,235,16.65416667,1947,32.227964,-107.71424,0,1.231770634,Colorado Plateau Pinyon-Juniper Woodland
2014-32,A,Male,NM,0,0,0,0,0,0,0,0,1130,10,219.49,366,11.2333334,1922,33.220489,-107.707691,0,0.466408933,Colorado Plateau Pinyon-Juniper Woodland
2014-33,J,Female,NM,0,0,0,0,0.00009,2.5693,0,0,1430,10,99.93,374,11.11250002,1947,33.20712,-107.723281,0.610582148,0.272215422,Colorado Plateau Pinyon-Juniper Woodland
2014-34,J,Male,NM,0,0,0.837,0,0.00009,0,0,0,1430,10,99.93,374,11.11250002,1947,33.20712,-107.723281,0.660706753,0.272215422,Colorado Plateau Pinyon-Juniper Woodland
2014-35,J,Female,NM,0,0,0.4926,0,0.09,0,0,0,1430,10,99.93,374,11.11250002,1947,33.20712,-107.723281,0.952114871,0.272215422,Colorado Plateau Pinyon-Juniper Woodland
2014-36,A,Male,NM,0,0,0.9682,0,0,0,0,0,1430,10,99.93,374,11.11250002,1947,33.20712,-107.723281,0.16365826,0.272215422,Colorado Plateau Pinyon-Juniper Woodland
2014-37,J,Male,NM,0,0,0,0,0,1.9069,0,0,1415,16,51.51,378,11.18750006,1952,33.175969,-107.73234,0.736614313,0.743683843,Colorado Plateau Pinyon-Juniper Woodland
2014-38,A,Male,NM,0,0,0,0,0.00009,4.1888,0,0,1415,16,51.51,378,11.18750006,1952,33.175969,-107.73234,0.000135971,0.743683843,Colorado Plateau Pinyon-Juniper Woodland
2014-39,J,Male,NM,0,0,1.8282,0,0.00009,0,0,0,1500,15,6.4,431,11.07083346,2027,32.89762,-107.944433,0.083438964,0.849662793,Rocky Mountain Ponderosa Pine Woodland
2014-4,J,Male,NM,0,0,0.7046,0,0,0,0,0,1005,12,89.12,415,14.39166665,1658,31.527829,-108.979665,0.008824882,1.126574232,Apacherian-Chihuahuan Piedmont Semi-Desert Grassland and Steppe
2014-40,J,Female,NM,0,0,3.416,0,0.05,0,0,0,1500,15,6.4,431,11.07083346,2027,32.89762,-107.944433,0.191851284,0.849662793,Rocky Mountain Ponderosa Pine Woodland
2014-41,A,Female,NM,0,0,0,0,0,0.4775,0,0,1230,5,100.72,385,12.07083339,1869,32.87306,-107.680853,0,0.869340795,Madrean Pinyon-Juniper Woodland
2014-42,J,Female,NM,0,0,0.1273,0,0,0.5866,0,0,1415,5,124.09,376,12.3791667,1828,32.868557,-107.670899,0.61235001,0.57140287,Madrean Pinyon-Juniper Woodland
2014-43,J,Female,NM,0,0,2.5163,0,0,0,0,0,1445,1,33.84,376,12.3791667,1789,32.870191,-107.669569,0,0.517832817,Madrean Pinyon-Juniper Woodland
2014-44,A,Male,NM,0,0,0.0634,0,0,0.7613,0,0,1530,6,65.39,376,12.3791667,1789,32.871145,-107.66838,0.613470223,0.485340739,Madrean Pinyon-Juniper Woodland
2014-45,J,Female,NM,0,0,0.9,0,0.02,1.53,0,0,1530,6,65.39,376,12.3791667,1789,32.871145,-107.66838,0.77256395,0.485340739,Madrean Pinyon-Juniper Woodland
2014-46,J,Female,NM,0,0,1.2317,0,0.00009,1.0182,0,0,1530,6,65.39,376,12.3791667,1789,32.871145,-107.66838,0.918631596,0.485340739,Madrean Pinyon-Juniper Woodland
2014-47,J,Female,NM,0,0,0,0,0.00009,0.0511,0,0.0111,1545,8,326.56,376,12.51249996,1915,32.87169,-107.660137,1.040909829,0.805637582,Madrean Pinyon-Juniper Woodland
2014-48,A,Female,NM,0,0,0,0,0,4.8951,0,0,1610,6,19.95,376,12.38333342,1785,32.875763,-107.668721,0.05117291,0.677764518,Madrean Pinyon-Juniper Woodland
2014-49,A,Male,NM,0,0,0,0,0,2.9885,0,0,1610,6,19.95,376,12.38333342,1785,32.875763,-107.668721,0.027021407,0.677764518,Madrean Pinyon-Juniper Woodland
2014-5,J,Female,NM,0,0,3.2188,0,0,0,0.1893,0.0077,1445,6,375.79,416,14.35416671,1665,31.521652,-108.975197,0.230034333,1.071673269,Madrean Juniper Savanna
2014-50,J,Male,NM,0,0,0.1543,0,0.03,2.2522,0,2.0254,1615,12,287.93,404,14.63749994,1625,31.513011,-108.940734,0.966989525,0.222690783,Apacherian-Chihuahuan Piedmont Semi-Desert Grassland and Steppe
2014-51,A,Female,NM,0,0,0,0,0.8,1.4914,0,2.0794,1615,12,287.93,404,14.63749994,1625,31.513011,-108.940734,1.132891353,0.222690783,Apacherian-Chihuahuan Piedmont Semi-Desert Grassland and Steppe
2014-52,J,Male,NM,0,0,0,0,0.00009,1.0014,0,2.3765,1615,12,287.93,404,14.63749994,1625,31.513011,-108.940734,0.706985778,0.222690783,Apacherian-Chihuahuan Piedmont Semi-Desert Grassland and Steppe
2014-53,J,Male,NM,0,0,0,0,0.00009,2.1428,0,2.7731,1615,12,287.93,404,14.63749994,1625,31.513011,-108.940734,0.000161105,0.222690783,Apacherian-Chihuahuan Piedmont Semi-Desert Grassland and Steppe
2014-54,A,Female,NM,0,0,0,0,0,0,0,0.2298,1045,12,325.59,416,14.37499982,1688,31.519464,-108.974834,0.566533027,1.049214896,Madrean Encinal
2014-55,J,Female,NM,0,0,0,0,0.03,0,0.3656,0.2473,1200,12,194.27,376,12.51249996,1915,32.873175,-107.65984,1.947125154,0.809550425,Madrean Pinyon-Juniper Woodland
2014-56,A,Male,NM,0,0,0,0,0.1,0,0.1645,0.2325,1200,12,194.27,376,12.51249996,1915,32.873175,-107.65984,1.704442215,0.809550425,Madrean Pinyon-Juniper Woodland
2014-57,J,Male,NM,0,0,0,0,0.14,0.6249,0,0,1115,10,136.4,376,12.51249996,1789,32.87255,-107.663357,0.774016342,0.594152375,Madrean Pinyon-Juniper Woodland
2014-58,J,Male,NM,0,0,0,0,0.47,0,0,0,1500,10,611.16,347,14.02083332,1643,32.381441,-108.357641,0.767957727,0.688752947,Apacherian-Chihuahuan Piedmont Semi-Desert Grassland and Steppe
2014-59,J,Female,NM,0,0,0,0,0.85,0,0,0,1500,10,611.16,347,14.02083332,1643,32.381441,-108.357641,0.843340832,0.688752947,Apacherian-Chihuahuan Piedmont Semi-Desert Grassland and Steppe
2014-6,J,Male ,NM,0,0,2.2034,0,0.05,0,0.0132,0,1445,6,375.79,416,14.35416671,1665,31.521652,-108.975197,0.141593603,1.071673269,Madrean Juniper Savanna
2014-60,A,Female,NM,0,0,0,0,0.13,0,0,0,1500,10,611.16,347,14.02083332,1643,32.381441,-108.357641,0.850354421,0.688752947,Apacherian-Chihuahuan Piedmont Semi-Desert Grassland and Steppe
2014-61,A,Female,NM,0,0,0.418,0,0,0,0,0,930,6,774.84,317,14.6041668,1621,32.313622,-108.156107,0.16404935,1.708151144,Madrean Pinyon-Juniper Woodland
2014-62,J,Male,NM,0,0,0,0,0.00009,1.2027,0,0,1530,10,316.65,410,9.262499967,2066,33.396185,-108.106088,1.11684023,0.783492877,Colorado Plateau Pinyon-Juniper Woodland
2014-65,J,Female,NM,0,0,1.8085,0,0,0,0,0,1500,15,6.4,431,11.07083346,2027,32.89762,-107.944433,0.616340019,0.849662793,Rocky Mountain Ponderosa Pine Woodland
2014-66,A,Male,NM,0,0,0,0,0,0,0,0,940,4,19.25,386,11.90833339,1869,32.872338,-107.683823,0,1.057317709,Madrean Pinyon-Juniper Woodland
2014-67,A,Male,NM,0,0,0,0,0,0,0,0,940,4,19.25,386,11.90833339,1869,32.872338,-107.683823,0,1.057317709,Madrean Pinyon-Juniper Woodland
2014-68,A,Male,NM,0,0,0,0,0,0.3083,0,0,1115,8,75.23,391,11.84166666,1872,32.875582,-107.684327,0.023598252,1.098030627,Madrean Pinyon-Juniper Woodland
2014-69,J,Female,NM,0,0,0,0,0,0.0345,0,0,1130,6,213.92,376,12.3791667,1828,32.867771,-107.671388,0.278769372,0.578304485,Madrean Pinyon-Juniper Woodland
2014-7,J,Female,NM,0,0,0,0,0,1.0588,0,0,1300,20,191.63,388,10.58333338,2023,33.204403,-107.748024,0.699185213,0.703368805,Colorado Plateau Pinyon-Juniper Woodland
2014-70,J,Female,NM,0,0,0,0,0,0.0716,0,0,1130,6,213.92,376,12.3791667,1828,32.867771,-107.671388,0,0.578304485,Madrean Pinyon-Juniper Woodland
2014-71,A,Female,NM,0,0,0,0.2638,0,0.8191,0,0,1130,2,176.64,431,11.07083346,2075,32.894714,-107.945673,0.555199985,0.942489685,Colorado Plateau Pinyon-Juniper Woodland
2014-72,A,Male,NM,0,0,0,1.2051,0.13,0.8748,0.0069,0,1230,12,35.21,431,11.07083346,2027,32.89739,-107.944223,1.319528947,0.867270402,Rocky Mountain Ponderosa Pine Woodland
2014-73,A,Male,NM,0,0,0,2.5528,0.02,0,0,0,1230,12,35.21,431,11.07083346,2027,32.89739,-107.944223,0.045500008,0.867270402,Rocky Mountain Ponderosa Pine Woodland
2014-8,J,Male,NM,0,0,0,0,0,0.3804,0,0,905,20,369.88,379,10.97500005,1951,33.204598,-107.72894,0.07617822,NA,Colorado Plateau Pinyon-Juniper Woodland
2014-80,J,Male,NM,0,0,0.5011,0,0.00009,0,0,0,1245,15,190.95,406,9.98749993,1993,33.289458,-108.061378,0.410726014,0.637185237,Rocky Mountain Ponderosa Pine Woodland
2014-82,A,Male,NM,0,0,6.7233,0,0,0,0,0,1500,1,81.82,408,9.895833368,2046,33.274234,-108.058819,0.016360041,0.676817394,Colorado Plateau Pinyon-Juniper Woodland
2014-83,A,Female,NM,0,0,0,0,0.02,0.9194,0,0,1530,10,316.65,410,9.262499967,2066,33.396185,-108.106088,1.289517424,0.783492877,Colorado Plateau Pinyon-Juniper Woodland
2014-84,J,Male,NM,0,0,0,0,0.00009,2.556,0,0,1530,10,316.65,410,9.262499967,2066,33.396185,-108.106088,0.757976836,0.783492877,Colorado Plateau Pinyon-Juniper Woodland
2014-87,A,Female,NM,0,0,0,0,0,0,0,0,1010,4,154.03,416,14.35416671,1658,31.523917,-108.979802,0,1.144709319,Madrean Encinal
2014-88,J,Female,NM,0,0,0,0,0,0.0072,0,0,1030,8,198.04,412,14.47500001,1665,31.525898,-108.973326,0,0.996045493,Apacherian-Chihuahuan Piedmont Semi-Desert Grassland and Steppe
2014-89,A,Female,NM,0,0,0,0,0,0.0131,0,0,1030,8,198.04,412,14.47500001,1665,31.525898,-108.973326,0,0.996045493,Apacherian-Chihuahuan Piedmont Semi-Desert Grassland and Steppe
2014-9,J,Male,NM,0,0,0,0,0.00009,2.2507,0,0,1500,12,96.82,385,10.97916659,1952,33.177011,-107.734185,0.060978194,0.777389405,Madrean Pinyon-Juniper Woodland
2014-90,A,Male,NM,0,0,0,0,0,3.1578,0,0,1505,10,595.64,410,13.47499989,1553,33.185793,-108.841292,0.638844948,0.540084389,Madrean Pinyon-Juniper Woodland
2014-91,J,Male,NM,0,0,0,0,0,1.2993,0,0,1200,NA,NA,NA,NA,NA,NA,NA,0.243498722,NA,NA
2014-92,J,Female,NM,0,0,0,0,0,1.8581,0,0,1200,NA,NA,NA,NA,NA,NA,NA,0.358437817,NA,NA
2014-93,A,Female,NM,0,0,1.5672,0,0,0,0,0,1500,8,469.21,317,14.58333344,1591,32.333252,-108.277073,0.047684487,0.72299817,Apacherian-Chihuahuan Piedmont Semi-Desert Grassland and Steppe
2014-94,A,Male,NM,0,0,0.1424,0,2.59,0,0,0,1500,8,469.21,317,14.58333344,1591,32.333252,-108.277073,0.230392354,0.72299817,Apacherian-Chihuahuan Piedmont Semi-Desert Grassland and Steppe
2014-95,J,Male,NM,0,0,0,0,0,1.5259,0,0,1200,NA,NA,NA,NA,NA,NA,NA,0.170278657,NA,NA
2014-96,J,Male,NM,0,0,0,0,0,1.6664,0,0,1200,NA,NA,NA,NA,NA,NA,NA,0.59529649,NA,NA
2014-97,A,Female,NM,0,0,0,0,0,1.2326,0,0,1200,NA,NA,NA,NA,NA,NA,NA,0.275508913,NA,NA
2014-98,A,Male,NM,0,0,0,0,1,0,0,0,1500,8,469.21,317,14.58333344,1591,32.333252,-108.277073,0,0.72299817,Apacherian-Chihuahuan Piedmont Semi-Desert Grassland and Steppe
2014-99,A,Female,NM,0,0,0,0,0,0.8306,0,0,1200,NA,NA,NA,NA,NA,NA,NA,0,NA,NA
2015-10,J,Male,NM,0,0,0,0.3443,0,0,0,0,1200,15,413.73,335,14.47916663,1696,32.514533,-107.166584,1.532988255,0.93306008,Madrean Pinyon-Juniper Woodland
2015-11,J,Male,NM,0,0,0,2.3522,0,0,0,0,1245,15,633.63,354,14.12499985,1696,32.514658,-107.168737,0.13617823,0.904751783,Madrean Pinyon-Juniper Woodland
2015-12,J,Male,NM,0,0,0,6.3831,0.05,0,0,0,1245,15,633.63,354,14.12499985,1696,32.514658,-107.168737,0.042781787,0.904751783,Madrean Pinyon-Juniper Woodland
2015-13,J,Male,NM,0,0,0,5.8107,0.04,0,0,0,1245,15,633.63,354,14.12499985,1696,32.514658,-107.168737,0.296120889,0.904751783,Madrean Pinyon-Juniper Woodland
2015-2,A,Male,NM,0,0,0,0,1.04,0.1314,0,0,1300,5,32.66,324,11.17499996,2023,33.686629,-107.332131,0.573430132,1.743356356,Colorado Plateau Pinyon-Juniper Woodland
2015-24,J,Male,NM,0,0,0,0,0,0,0,0,1430,15,325.2,457,12.84999985,2011,32.734341,-105.357105,0.971233765,1.217232688,Southern Rocky Mountain Pinyon-Juniper Woodland
2015-25,A,Male,NM,0,0,0,0,0.43,0.4861,0,0,1430,15,325.2,457,12.84999985,2011,32.734341,-105.357105,0,1.217232688,Southern Rocky Mountain Pinyon-Juniper Woodland
2015-3,J,Male,NM,0,0,0,0,2.9,0.2334,0,0,1300,5,32.66,324,11.17499996,2023,33.686629,-107.332131,0.257321514,1.743356356,Colorado Plateau Pinyon-Juniper Woodland
2015-31,J,Female,NM,0,0,1.148,0,2.9,1.1292,0.0671,0,1505,6,89.31,416,14.35416671,1694,31.519486,-108.977392,0.593192491,1.087964061,Apacherian-Chihuahuan Piedmont Semi-Desert Grassland and Steppe
2015-32,J,Male,NM,0,0,0.1992,0.0079,0.2,0.9108,0,0.029,1435,15,83.99,416,14.35416671,1694,31.517845,-108.976869,1.248363802,1.077242017,Madrean Encinal
2015-33,J,Male,NM,0,0,0.6792,0,0.03,0.8229,0,0,1435,15,83.99,416,14.35416671,1694,31.517845,-108.976869,0.952122664,1.077242017,Madrean Encinal
2015-34,J,Male,NM,0,0,0,0,0,0,0,0,1006,8,143.15,428,14.17916676,1697,31.505507,-108.976345,0.771485226,0.924761433,Apacherian-Chihuahuan Piedmont Semi-Desert Grassland and Steppe
2015-35,J,Male,NM,0,0,1.9538,0,0,1.1916,0,0,1540,10,139.03,427,12.62916664,1963,33.52034,-105.53827,0,1.45934656,Southern Rocky Mountain Pinyon-Juniper Woodland
2015-36,J,Male,NM,0,0,2.3708,0,0,0.9946,0.0043,0,1540,10,139.03,427,12.62916664,1963,33.52034,-105.53827,0.743103304,1.45934656,Southern Rocky Mountain Pinyon-Juniper Woodland
2015-37,A,Male,NM,0,0,0,0,0.00009,1.7872,0.0289,0,1540,10,139.03,427,12.62916664,1963,33.52034,-105.53827,0.706287371,1.45934656,Southern Rocky Mountain Pinyon-Juniper Woodland
2015-38,J,Male,NM,0,0,0,0,0,2.8935,0.0028,0,1600,7,42.77,427,12.62916664,1963,33.518201,-105.536534,0.775682223,1.355613262,Madrean Pinyon-Juniper Woodland
2015-39,J,Female,NM,0,0,0,0,0,1.2258,0.0318,0,1600,7,42.77,427,12.62916664,1963,33.518201,-105.536534,0.447040619,1.355613262,Madrean Pinyon-Juniper Woodland
2015-4,A,Male,NM,0,0,0,0,0,0.1939,0,0,1000,8,408.37,285,12.42083339,1794,33.696093,-107.278743,0.67233386,1.283779593,Madrean Pinyon-Juniper Woodland
2015-40,J,Male,NM,0,0,0,0,0,2.4519,0,0,1637,15,84.69,422,14.22083333,1694,31.513693,-108.977822,0.190109992,1.062321519,Apacherian-Chihuahuan Piedmont Semi-Desert Grassland and Steppe
2015-41,J,Male,NM,0,0,0,0,0,1.6463,0,0,1637,15,84.69,422,14.22083333,1694,31.513693,-108.977822,0.375679373,1.062321519,Apacherian-Chihuahuan Piedmont Semi-Desert Grassland and Steppe
2015-42,J,Male,NM,0,0,0.697,0,0,0,0.0124,0,1120,12,239.32,423,14.22500003,1658,31.520878,-108.983869,0.40455351,1.137095759,Madrean Juniper Savanna
2015-43,J,Female,NM,0,0,0.2397,0,0,0.2632,0,0,1120,12,239.32,423,14.22500003,1658,31.520878,-108.983869,0.088060833,1.137095759,Madrean Juniper Savanna
2015-44,J,Male,NM,0,0,0,0,0,0.0284,0.0125,0,1120,12,239.32,423,14.22500003,1658,31.520878,-108.983869,0.692054984,1.137095759,Madrean Juniper Savanna
2015-46,J,Male,NM,0,0,0,0.0683,0,0.7879,0.0606,0,1115,4,376.44,423,14.22500003,1684,31.521565,-108.985086,1.327826992,1.146509959,Madrean Juniper Savanna
2015-47,J,Female,NM,0,0,0,0.11,0,0.3088,1.2925,0,1115,4,376.44,423,14.22500003,1684,31.521565,-108.985086,0.503250974,1.146509959,Madrean Juniper Savanna
2015-48,J,Male,NM,0,0,0,0.7385,0.97,0.0882,0.3047,0,1115,4,376.44,423,14.22500003,1684,31.521565,-108.985086,0.697384054,1.146509959,Madrean Juniper Savanna
2015-5,J,Female,NM,0,0,0.1159,0,0,0.4991,0,0,1000,8,408.37,285,12.42083339,1794,33.696093,-107.278743,0.503681331,1.283779593,Madrean Pinyon-Juniper Woodland
2015-56,J,Male,NM,0,0,0,7.1466,0.04,0,0,0,1430,10,715.3,336,14.38333327,1639,32.517895,-107.169283,0,1.083554531,Madrean Pinyon-Juniper Woodland
2015-57,J,Male,NM,0,0,0,5.8228,0.09,0,0.0042,0,1430,10,715.3,336,14.38333327,1639,32.517895,-107.169283,0.241717366,1.083554531,Madrean Pinyon-Juniper Woodland
2015-58,A,Male,NM,0,0,0,2.53,0,0,0,0,1330,8,767.98,332,14.22499999,1566,32.595253,-107.92574,0.450940523,1.16956719,Madrean Pinyon-Juniper Woodland
2015-59,A,Female,NM,0,0,0.3501,0,0,0,0,0,1300,12,86.99,315,14.45833322,1543,32.590956,-107.920563,0.112925017,1.628811675,Apacherian-Chihuahuan Piedmont Semi-Desert Grassland and Steppe
2015-6,J,Female,NM,0,0,0,0,0,0.0114,0.0566,0,1230,3,127.25,324,11.17499996,2023,33.688852,-107.33094,0,1.796301371,North American Warm Desert Bedrock Cliff and Outcrop
2015-60,J,Female,NM,0,0,2.58,0,0,0,0,0,1300,12,86.99,315,14.45833322,1543,32.590956,-107.920563,0.065394131,1.628811675,Apacherian-Chihuahuan Piedmont Semi-Desert Grassland and Steppe
2015-61,A,Male,NM,0,0,0,7.3265,0,0,0,0,1430,8,763.38,332,14.22499999,1560,32.592245,-107.930243,0,0.761438593,Madrean Pinyon-Juniper Woodland
2015-63,J,Female,NM,0,0,0,5.8287,0,0,0,0,1430,8,763.38,332,14.22499999,1560,32.592245,-107.930243,0.116640221,0.761438593,Madrean Pinyon-Juniper Woodland